TRADEDATE,CLOSE
2004-02-13,23.74
2004-02-16,23.5
2004-02-17,24.5
2004-02-18,25.0
2004-02-19,25.13
2004-02-20,25.39
2004-02-24,26.8
2004-02-25,26.95
2004-02-26,26.5
2004-02-27,26.15
2004-03-01,26.56
2004-03-02,25.7
2004-03-03,25.9
2004-03-04,26.3
2004-03-05,26.44
2004-03-09,26.7
2004-03-10,26.4
2004-03-11,25.71
2004-03-12,26.11
2004-03-15,25.81
2004-03-16,26.35
2004-03-17,26.5
2004-03-18,26.39
2004-03-19,26.29
2004-03-22,26.35
2004-03-23,26.5
2004-03-24,26.3
2004-03-25,26.5
2004-03-26,26.4
2004-03-29,26.0
2004-03-30,26.45
2004-03-31,26.37
2004-04-01,26.41
2004-04-02,27.3
2004-04-05,27.46
2004-04-06,28.35
2004-04-07,29.0
2004-04-08,29.25
2004-04-09,29.0
2004-04-12,29.2
2004-04-13,27.89
2004-04-14,28.68
2004-04-15,29.1
2004-04-16,28.7
2004-04-19,29.0
2004-04-20,29.0
2004-04-21,28.9
2004-04-22,29.0
2004-04-23,29.07
2004-04-26,28.95
2004-04-27,29.0
2004-04-28,29.12
2004-04-29,28.97
2004-04-30,28.7
2004-05-05,29.0
2004-05-06,29.07
2004-05-07,29.9
2004-05-11,30.0
2004-05-12,29.8
2004-05-13,29.31
2004-05-14,29.43
2004-05-17,29.59
2004-05-18,29.65
2004-05-19,29.86
2004-05-20,29.59
2004-05-21,30.0
2004-05-24,30.23
2004-05-25,29.5
2004-05-26,29.7
2004-05-27,29.5
2004-05-28,29.44
2004-05-31,29.44
2004-06-01,29.4
2004-06-02,29.6
2004-06-03,29.4
2004-06-04,29.55
2004-06-07,29.64
2004-06-08,29.85
2004-06-09,29.55
2004-06-10,29.4
2004-06-11,29.77
2004-06-15,29.6
2004-06-16,29.65
2004-06-17,29.7
2004-06-18,29.6
2004-06-21,29.5
2004-06-22,29.6
2004-06-23,29.45
2004-06-24,29.7
2004-06-25,29.5
2004-06-28,29.4
2004-06-29,29.45
2004-06-30,29.4
2004-07-01,29.3
2004-07-02,29.4
2004-07-05,29.2
2004-07-06,29.0
2004-07-07,29.35
2004-07-08,29.5
2004-07-09,29.3
2004-07-12,29.6
2004-07-13,29.9
2004-07-14,29.74
2004-07-15,29.79
2004-07-16,29.6
2004-07-19,29.46
2004-07-20,29.6
2004-07-21,29.4
2004-07-22,29.4
2004-07-23,29.51
2004-07-26,29.9
2004-07-27,29.4
2004-07-28,29.4
2004-07-29,29.4
2004-07-30,29.45
2004-08-02,29.4
2004-08-03,29.7
2004-08-04,29.3
2004-08-05,29.65
2004-08-06,29.2
2004-08-09,29.2
2004-08-10,29.2
2004-08-11,29.1
2004-08-12,29.29
2004-08-13,33.0
2004-08-16,31.3
2004-08-17,31.21
2004-08-18,30.8
2004-08-19,30.3
2004-08-20,29.86
2004-08-23,30.0
2004-08-24,30.5
2004-08-25,30.0
2004-08-26,29.86
2004-08-27,29.95
2004-08-30,29.85
2004-08-31,29.81
2004-09-01,30.29
2004-09-02,30.0
2004-09-03,30.39
2004-09-06,30.0
2004-09-07,30.1
2004-09-08,30.22
2004-09-09,30.0
2004-09-10,30.0
2004-09-13,30.09
2004-09-14,29.91
2004-09-15,29.6
2004-09-16,29.68
2004-09-17,29.5
2004-09-20,29.81
2004-09-21,29.99
2004-09-22,29.93
2004-09-23,30.1
2004-09-24,30.05
2004-09-27,30.24
2004-09-28,29.9
2004-09-29,30.0
2004-09-30,29.97
2004-10-01,30.0
2004-10-04,30.88
2004-10-05,30.86
2004-10-06,31.25
2004-10-07,30.8
2004-10-08,31.0
2004-10-11,31.02
2004-10-12,31.25
2004-10-13,31.4
2004-10-14,31.02
2004-10-15,31.25
2004-10-18,31.2
2004-10-19,31.4
2004-10-20,31.25
2004-10-21,31.66
2004-10-22,34.52
2004-10-25,33.51
2004-10-26,33.6
2004-10-27,33.5
2004-10-28,33.65
2004-10-29,33.5
2004-11-01,33.04
2004-11-02,33.5
2004-11-03,33.64
2004-11-04,33.6
2004-11-05,33.89
2004-11-09,33.6
2004-11-10,33.88
2004-11-11,34.19
2004-11-12,34.01
2004-11-15,34.38
2004-11-16,37.0
2004-11-17,39.35
2004-11-18,38.0
2004-11-19,37.5
2004-11-22,38.2
2004-11-23,36.89
2004-11-24,36.26
2004-11-25,35.07
2004-11-26,35.48
2004-11-29,35.11
2004-11-30,34.3
2004-12-01,33.0
2004-12-02,32.5
2004-12-03,32.3
2004-12-06,32.25
2004-12-07,32.5
2004-12-08,30.9
2004-12-09,29.0
2004-12-10,29.89
2004-12-14,29.9
2004-12-15,29.95
2004-12-16,29.59
2004-12-17,28.4
2004-12-20,28.9
2004-12-21,30.42
2004-12-22,30.54
2004-12-23,30.58
2004-12-24,32.2
2004-12-27,32.5
2004-12-28,33.29
2004-12-29,33.55
2004-12-30,35.34
2005-01-11,34.35
2005-01-12,33.81
2005-01-13,34.1
2005-01-14,34.22
2005-01-17,34.01
2005-01-18,33.21
2005-01-19,33.9
2005-01-20,33.35
2005-01-21,33.55
2005-01-24,33.2
2005-01-25,33.55
2005-01-26,33.32
2005-01-27,34.1
2005-01-28,34.79
2005-01-31,36.23
2005-02-01,37.88
2005-02-02,41.19
2005-02-03,47.0
2005-02-04,45.3
2005-02-07,44.49
2005-02-08,44.21
2005-02-09,43.55
2005-02-10,39.15
2005-02-11,38.8
2005-02-14,39.9
2005-02-15,41.09
2005-02-16,40.7
2005-02-17,40.02
2005-02-18,40.45
2005-02-21,40.0
2005-02-22,40.2
2005-02-24,41.8
2005-02-25,40.5
2005-02-28,40.69
2005-03-01,40.15
2005-03-02,40.1
2005-03-03,41.14
2005-03-04,41.72
2005-03-05,41.6
2005-03-09,40.9
2005-03-10,40.4
2005-03-11,40.0
2005-03-14,40.1
2005-03-15,40.5
2005-03-16,40.22
2005-03-17,40.65
2005-03-18,41.2
2005-03-21,41.54
2005-03-22,41.74
2005-03-23,41.48
2005-03-24,42.9
2005-03-25,45.5
2005-03-28,44.0
2005-03-29,43.47
2005-03-30,43.38
2005-03-31,43.1
2005-04-01,43.4
2005-04-04,43.0
2005-04-05,43.7
2005-04-06,43.79
2005-04-07,43.5
2005-04-08,43.5
2005-04-11,42.59
2005-04-12,42.87
2005-04-13,42.9
2005-04-14,42.98
2005-04-15,42.8
2005-04-18,42.3
2005-04-19,42.9
2005-04-20,42.45
2005-04-21,42.39
2005-04-22,42.59
2005-04-25,42.03
2005-04-26,41.9
2005-04-27,41.41
2005-04-28,41.28
2005-04-29,41.35
2005-05-03,40.94
2005-05-04,40.71
2005-05-05,41.75
2005-05-06,41.64
2005-05-11,41.49
2005-05-12,41.3
2005-05-13,43.59
2005-05-14,42.29
2005-05-16,42.0
2005-05-17,42.99
2005-05-18,42.5
2005-05-19,42.2
2005-05-20,41.6
2005-05-23,42.0
2005-05-24,42.57
2005-05-25,42.17
2005-05-26,42.06
2005-05-27,42.7
2005-05-30,42.4
2005-05-31,41.99
2005-06-01,42.39
2005-06-02,42.2
2005-06-03,41.95
2005-06-06,41.9
2005-06-07,41.97
2005-06-08,41.98
2005-06-09,41.85
2005-06-10,41.85
2005-06-14,42.16
2005-06-15,42.5
2005-06-16,42.27
2005-06-17,42.5
2005-06-20,42.29
2005-06-21,42.38
2005-06-22,42.3
2005-06-23,42.2
2005-06-24,42.33
2005-06-27,41.98
2005-06-28,42.05
2005-06-29,42.29
2005-06-30,42.29
2005-07-01,42.51
2005-07-04,42.2
2005-07-05,42.2
2005-07-06,42.43
2005-07-07,42.5
2005-07-08,43.1
2005-07-11,43.0
2005-07-12,42.97
2005-07-13,42.75
2005-07-14,42.8
2005-07-15,44.0
2005-07-18,43.67
2005-07-19,43.66
2005-07-20,43.8
2005-07-21,43.65
2005-07-22,43.2
2005-07-25,43.47
2005-07-26,42.91
2005-07-27,42.01
2005-07-28,42.07
2005-07-29,42.29
2005-08-01,42.4
2005-08-02,42.94
2005-08-03,42.65
2005-08-04,42.77
2005-08-05,42.38
2005-08-08,42.45
2005-08-09,42.25
2005-08-10,42.16
2005-08-11,41.98
2005-08-12,41.77
2005-08-15,41.6
2005-08-16,42.0
2005-08-17,42.08
2005-08-18,41.7
2005-08-19,42.09
2005-08-22,42.0
2005-08-23,41.71
2005-08-24,42.14
2005-08-25,41.7
2005-08-26,41.75
2005-08-29,41.52
2005-08-30,41.69
2005-08-31,41.4
2005-09-01,41.58
2005-09-02,41.49
2005-09-05,40.99
2005-09-06,40.17
2005-09-07,38.25
2005-09-08,38.65
2005-09-09,39.7
2005-09-12,39.69
2005-09-13,39.37
2005-09-14,39.2
2005-09-15,39.2
2005-09-16,38.75
2005-09-19,38.64
2005-09-20,38.27
2005-09-21,38.55
2005-09-22,39.48
2005-09-23,40.15
2005-09-26,40.1
2005-09-27,41.49
2005-09-28,41.9
2005-09-29,40.75
2005-09-30,40.8
2005-10-03,41.0
2005-10-04,41.69
2005-10-05,40.75
2005-10-06,39.8
2005-10-07,39.8
2005-10-10,39.9
2005-10-11,40.0
2005-10-12,39.2
2005-10-13,38.89
2005-10-14,38.2
2005-10-17,38.3
2005-10-18,38.2
2005-10-19,37.0
2005-10-20,36.98
2005-10-21,37.04
2005-10-24,37.04
2005-10-25,37.0
2005-10-26,36.49
2005-10-27,36.06
2005-10-28,36.05
2005-10-31,36.5
2005-11-01,36.3
2005-11-02,36.5
2005-11-03,38.83
2005-11-07,38.9
2005-11-08,38.7
2005-11-09,38.7
2005-11-10,38.03
2005-11-11,38.39
2005-11-14,38.34
2005-11-15,38.09
2005-11-16,37.7
2005-11-17,38.11
2005-11-18,37.98
2005-11-21,37.54
2005-11-22,37.32
2005-11-23,37.08
2005-11-24,37.45
2005-11-25,37.15
2005-11-28,37.0
2005-11-29,36.53
2005-11-30,37.15
2005-12-01,37.95
2005-12-02,37.9
2005-12-05,38.69
2005-12-06,42.97
2005-12-07,44.01
2005-12-08,42.25
2005-12-09,42.05
2005-12-12,41.48
2005-12-13,40.76
2005-12-14,41.55
2005-12-15,41.4
2005-12-16,41.19
2005-12-19,41.2
2005-12-20,40.51
2005-12-21,39.76
2005-12-22,39.6
2005-12-23,39.7
2005-12-26,39.45
2005-12-27,39.25
2005-12-28,39.41
2005-12-29,40.58
2005-12-30,40.0
2006-01-10,40.12
2006-01-11,49.0
2006-01-12,46.13
2006-01-13,46.1
2006-01-16,45.55
2006-01-17,44.61
2006-01-18,45.0
2006-01-19,46.16
2006-01-20,45.45
2006-01-23,45.15
2006-01-24,45.31
2006-01-25,44.68
2006-01-26,44.2
2006-01-27,44.41
2006-01-30,44.57
2006-01-31,44.88
2006-02-01,45.45
2006-02-02,45.74
2006-02-03,44.75
2006-02-06,45.2
2006-02-07,45.74
2006-02-08,50.07
2006-02-09,53.0
2006-02-10,52.52
2006-02-13,50.8
2006-02-14,50.5
2006-02-15,49.6
2006-02-16,52.8
2006-02-17,52.5
2006-02-20,52.11
2006-02-21,50.57
2006-02-22,51.8
2006-02-26,55.5
2006-02-27,55.99
2006-02-28,54.1
2006-03-01,55.19
2006-03-02,54.5
2006-03-03,54.59
2006-03-06,54.89
2006-03-07,56.0
2006-03-09,57.38
2006-03-10,66.99
2006-03-13,63.55
2006-03-14,60.31
2006-03-15,59.15
2006-03-16,58.3
2006-03-17,59.18
2006-03-20,60.0
2006-03-21,61.85
2006-03-22,63.25
2006-03-23,62.99
2006-03-24,63.1
2006-03-27,63.79
2006-03-28,63.7
2006-03-29,61.9
2006-03-30,59.29
2006-03-31,59.67
2006-04-03,59.5
2006-04-04,59.2
2006-04-05,59.23
2006-04-06,59.11
2006-04-07,59.4
2006-04-10,59.31
2006-04-11,59.32
2006-04-12,59.4
2006-04-13,59.3
2006-04-14,59.98
2006-04-17,59.9
2006-04-18,60.24
2006-04-19,60.5
2006-04-20,60.8
2006-04-21,63.5
2006-04-24,62.88
2006-04-25,60.49
2006-04-26,60.89
2006-04-27,59.3
2006-04-28,59.22
2006-05-02,59.1
2006-05-03,58.93
2006-05-04,59.0
2006-05-05,58.68
2006-05-06,59.2
2006-05-10,58.99
2006-05-11,57.9
2006-05-12,57.45
2006-05-15,55.7
2006-05-16,56.5
2006-05-17,56.0
2006-05-18,55.4
2006-05-19,54.0
2006-05-22,49.19
2006-05-23,49.85
2006-05-24,49.0
2006-05-25,47.5
2006-05-26,48.5
2006-05-29,48.66
2006-05-30,47.3
2006-05-31,47.9
2006-06-01,47.79
2006-06-02,48.21
2006-06-05,50.5
2006-06-06,48.78
2006-06-07,48.66
2006-06-08,48.73
2006-06-09,44.9
2006-06-13,40.96
2006-06-14,43.1
2006-06-15,45.82
2006-06-16,44.99
2006-06-19,45.8
2006-06-20,45.25
2006-06-21,45.59
2006-06-22,45.75
2006-06-23,45.94
2006-06-26,45.95
2006-06-27,46.21
2006-06-28,46.03
2006-06-29,47.1
2006-06-30,47.85
2006-07-03,48.49
2006-07-04,48.69
2006-07-05,49.0
2006-07-06,49.5
2006-07-07,49.6
2006-07-10,49.71
2006-07-11,48.79
2006-07-12,48.5
2006-07-13,46.72
2006-07-14,46.3
2006-07-17,46.5
2006-07-18,47.21
2006-07-19,47.49
2006-07-20,48.44
2006-07-21,48.64
2006-07-24,49.1
2006-07-25,49.2
2006-07-26,49.18
2006-07-27,49.94
2006-07-28,49.97
2006-07-31,50.01
2006-08-01,50.26
2006-08-02,50.1
2006-08-03,50.49
2006-08-04,50.13
2006-08-07,50.14
2006-08-08,49.8
2006-08-09,50.3
2006-08-10,49.9
2006-08-11,51.49
2006-08-14,54.5
2006-08-15,56.9
2006-08-16,60.0
2006-08-17,58.58
2006-08-18,54.6
2006-08-21,58.89
2006-08-22,58.75
2006-08-23,58.4
2006-08-24,58.55
2006-08-25,57.9
2006-08-28,58.0
2006-08-29,58.03
2006-08-30,58.36
2006-08-31,61.0
2006-09-01,60.29
2006-09-04,60.0
2006-09-05,60.0
2006-09-06,60.2
2006-09-07,59.8
2006-09-08,60.01
2006-09-11,59.05
2006-09-12,60.01
2006-09-13,62.83
2006-09-14,63.35
2006-09-15,64.43
2006-09-18,64.39
2006-09-19,64.02
2006-09-20,62.75
2006-09-21,62.4
2006-09-22,60.8
2006-09-25,59.3
2006-09-26,60.97
2006-09-27,61.48
2006-09-28,61.25
2006-09-29,61.61
2006-10-02,61.58
2006-10-03,60.77
2006-10-04,61.0
2006-10-05,61.19
2006-10-06,60.74
2006-10-09,60.43
2006-10-10,60.79
2006-10-11,61.2
2006-10-12,60.55
2006-10-13,64.0
2006-10-16,63.1
2006-10-17,62.21
2006-10-18,62.89
2006-10-19,62.51
2006-10-20,62.6
2006-10-23,62.5
2006-10-24,62.3
2006-10-25,61.0
2006-10-26,61.2
2006-10-27,61.5
2006-10-30,60.8
2006-10-31,60.94
2006-11-01,61.26
2006-11-02,60.9
2006-11-03,60.87
2006-11-07,60.7
2006-11-08,60.7
2006-11-09,60.49
2006-11-10,60.12
2006-11-13,60.1
2006-11-14,60.28
2006-11-15,60.45
2006-11-16,60.99
2006-11-17,60.38
2006-11-20,60.31
2006-11-21,60.28
2006-11-22,59.84
2006-11-23,60.3
2006-11-24,60.45
2006-11-27,60.16
2006-11-28,60.0
2006-11-29,59.72
2006-11-30,59.59
2006-12-01,59.37
2006-12-04,58.49
2006-12-05,58.1
2006-12-06,57.09
2006-12-07,57.5
2006-12-08,58.1
2006-12-11,58.15
2006-12-12,57.99
2006-12-13,58.25
2006-12-14,58.58
2006-12-15,58.35
2006-12-18,58.34
2006-12-19,57.76
2006-12-20,57.34
2006-12-21,57.55
2006-12-22,57.23
2006-12-25,57.1
2006-12-26,57.38
2006-12-27,57.47
2006-12-28,57.47
2006-12-29,57.5
2007-01-09,59.75
2007-01-10,59.85
2007-01-11,59.07
2007-01-12,60.39
2007-01-15,61.8
2007-01-16,66.5
2007-01-17,63.35
2007-01-18,65.42
2007-01-19,65.62
2007-01-22,73.7
2007-01-23,77.4
2007-01-24,74.8
2007-01-25,75.9
2007-01-26,74.81
2007-01-29,74.11
2007-01-30,73.0
2007-01-31,74.55
2007-02-01,75.74
2007-02-02,74.9
2007-02-05,74.53
2007-02-06,74.33
2007-02-07,71.3
2007-02-08,72.77
2007-02-09,71.51
2007-02-12,71.01
2007-02-13,72.45
2007-02-14,71.9
2007-02-15,71.75
2007-02-16,71.75
2007-02-19,71.66
2007-02-20,71.49
2007-02-21,72.0
2007-02-22,73.55
2007-02-26,75.9
2007-02-27,72.85
2007-02-28,69.5
2007-03-01,68.45
2007-03-02,70.0
2007-03-05,70.19
2007-03-06,71.22
2007-03-07,70.77
2007-03-09,71.85
2007-03-12,74.48
2007-03-13,76.4
2007-03-14,76.5
2007-03-15,77.81
2007-03-16,78.99
2007-03-19,80.0
2007-03-20,78.9
2007-03-21,78.29
2007-03-22,76.99
2007-03-23,76.3
2007-03-26,76.7
2007-03-27,75.81
2007-03-28,73.98
2007-03-29,73.88
2007-03-30,74.0
2007-04-02,78.0
2007-04-03,75.99
2007-04-04,75.8
2007-04-05,75.74
2007-04-06,75.39
2007-04-09,75.3
2007-04-10,76.23
2007-04-11,77.5
2007-04-12,76.96
2007-04-13,77.07
2007-04-16,77.6
2007-04-17,78.28
2007-04-18,77.33
2007-04-19,75.21
2007-04-20,75.85
2007-04-23,75.73
2007-04-24,75.45
2007-04-25,75.6
2007-04-26,76.5
2007-04-27,73.8
2007-04-28,74.45
2007-05-02,74.0
2007-05-03,74.5
2007-05-04,74.25
2007-05-07,74.95
2007-05-08,73.5
2007-05-10,72.0
2007-05-11,70.01
2007-05-14,70.3
2007-05-15,68.0
2007-05-16,69.5
2007-05-17,69.5
2007-05-18,69.79
2007-05-21,70.65
2007-05-22,70.75
2007-05-23,69.0
2007-05-24,68.37
2007-05-25,68.25
2007-05-28,66.45
2007-05-29,64.0
2007-05-30,62.06
2007-05-31,63.97
2007-06-01,66.0
2007-06-04,64.9
2007-06-05,63.4
2007-06-06,64.1
2007-06-07,63.67
2007-06-08,64.0
2007-06-09,64.88
2007-06-13,64.2
2007-06-14,64.73
2007-06-15,64.97
2007-06-18,67.0
2007-06-19,72.7
2007-06-20,72.82
2007-06-21,72.0
2007-06-22,71.8
2007-06-25,71.44
2007-06-26,71.47
2007-06-27,74.09
2007-06-28,73.89
2007-06-29,73.89
2007-07-02,73.19
2007-07-03,72.1
2007-07-04,74.5
2007-07-05,76.38
2007-07-06,77.2
2007-07-09,76.87
2007-07-10,75.67
2007-07-11,76.9
2007-07-12,77.45
2007-07-13,76.0
2007-07-16,76.39
2007-07-17,76.35
2007-07-18,75.1
2007-07-19,75.9
2007-07-20,75.4
2007-07-23,74.94
2007-07-24,73.9
2007-07-25,73.25
2007-07-26,71.2
2007-07-27,69.9
2007-07-30,69.33
2007-07-31,69.99
2007-08-01,68.01
2007-08-02,68.5
2007-08-03,69.0
2007-08-06,69.8
2007-08-07,71.5
2007-08-08,73.44
2007-08-09,70.43
2007-08-10,70.09
2007-08-13,72.0
2007-08-14,72.37
2007-08-15,70.5
2007-08-16,69.25
2007-08-17,68.95
2007-08-20,69.3
2007-08-21,69.3
2007-08-22,71.0
2007-08-23,70.02
2007-08-24,70.0
2007-08-27,70.15
2007-08-28,69.46
2007-08-29,69.07
2007-08-30,69.53
2007-08-31,69.81
2007-09-03,70.4
2007-09-04,70.0
2007-09-05,70.0
2007-09-06,70.0
2007-09-07,70.05
2007-09-10,70.7
2007-09-11,70.97
2007-09-12,70.7
2007-09-13,71.21
2007-09-14,71.16
2007-09-17,72.0
2007-09-18,72.7
2007-09-19,76.49
2007-09-20,74.83
2007-09-21,74.8
2007-09-24,75.5
2007-09-25,75.09
2007-09-26,77.97
2007-09-27,77.81
2007-09-28,77.3
2007-10-01,78.24
2007-10-02,78.42
2007-10-03,77.48
2007-10-04,77.26
2007-10-05,77.7
2007-10-08,77.25
2007-10-09,76.5
2007-10-10,76.2
2007-10-11,80.1
2007-10-12,81.15
2007-10-15,82.1
2007-10-16,83.2
2007-10-17,84.19
2007-10-18,83.5
2007-10-19,82.01
2007-10-22,80.1
2007-10-23,80.59
2007-10-24,82.24
2007-10-25,83.83
2007-10-26,84.71
2007-10-29,85.4
2007-10-30,84.7
2007-10-31,85.17
2007-11-01,83.49
2007-11-02,85.95
2007-11-06,86.01
2007-11-07,85.75
2007-11-08,85.52
2007-11-09,87.0
2007-11-12,87.0
2007-11-13,86.6
2007-11-14,86.77
2007-11-15,87.0
2007-11-16,86.85
2007-11-19,87.25
2007-11-20,87.5
2007-11-21,87.0
2007-11-22,87.38
2007-11-23,87.3
2007-11-26,87.77
2007-11-27,87.25
2007-11-28,87.02
2007-11-29,86.8
2007-11-30,87.05
2007-12-03,87.68
2007-12-04,86.75
2007-12-05,86.91
2007-12-06,86.9
2007-12-07,86.69
2007-12-10,87.41
2007-12-11,86.67
2007-12-12,88.1
2007-12-13,88.68
2007-12-14,86.9
2007-12-17,87.0
2007-12-18,87.34
2007-12-19,86.5
2007-12-20,86.46
2007-12-21,88.69
2007-12-24,90.29
2007-12-25,91.41
2007-12-26,91.79
2007-12-27,91.75
2007-12-28,92.9
2008-01-09,94.12
2008-01-10,95.39
2008-01-11,95.76
2008-01-14,96.99
2008-01-15,98.3
2008-01-16,96.55
2008-01-17,95.0
2008-01-18,93.87
2008-01-21,89.75
2008-01-22,88.49
2008-01-23,86.0
2008-01-24,90.79
2008-01-25,92.7
2008-01-28,90.0
2008-01-29,90.4
2008-01-30,90.87
2008-01-31,90.0
2008-02-01,93.47
2008-02-04,101.49
2008-02-05,98.0
2008-02-06,99.4
2008-02-07,98.86
2008-02-08,98.58
2008-02-11,99.71
2008-02-12,103.5
2008-02-13,106.2
2008-02-14,108.0
2008-02-15,106.77
2008-02-18,108.7
2008-02-19,108.4
2008-02-20,108.0
2008-02-21,108.19
2008-02-22,107.6
2008-02-26,107.7
2008-02-27,107.0
2008-02-28,106.5
2008-02-29,105.56
2008-03-03,104.42
2008-03-04,105.0
2008-03-05,105.5
2008-03-06,105.1
2008-03-07,102.49
2008-03-11,103.7
2008-03-12,105.49
2008-03-13,104.9
2008-03-14,103.01
2008-03-17,100.1
2008-03-18,100.94
2008-03-19,98.54
2008-03-20,96.51
2008-03-21,94.76
2008-03-24,94.0
2008-03-25,96.74
2008-03-26,96.49
2008-03-27,97.96
2008-03-28,99.41
2008-03-31,99.41
2008-04-01,100.49
2008-04-02,100.7
2008-04-03,100.9
2008-04-04,100.93
2008-04-07,100.48
2008-04-08,100.3
2008-04-09,100.76
2008-04-10,100.2
2008-04-11,100.37
2008-04-14,99.7
2008-04-15,100.4
2008-04-16,100.6
2008-04-17,101.1
2008-04-18,103.25
2008-04-21,103.0
2008-04-22,100.85
2008-04-23,101.0
2008-04-24,101.36
2008-04-25,101.65
2008-04-28,100.87
2008-04-29,101.0
2008-04-30,101.89
2008-05-04,102.7
2008-05-05,103.0
2008-05-06,101.0
2008-05-07,101.58
2008-05-12,99.5
2008-05-13,98.75
2008-05-14,98.93
2008-05-15,99.89
2008-05-16,99.91
2008-05-19,99.9
2008-05-20,99.1
2008-05-21,98.57
2008-05-22,98.0
2008-05-23,97.5
2008-05-26,96.18
2008-05-27,94.85
2008-05-28,95.25
2008-05-29,95.4
2008-05-30,95.61
2008-06-02,96.5
2008-06-03,94.65
2008-06-04,93.3
2008-06-05,93.0
2008-06-06,93.0
2008-06-07,91.9
2008-06-09,93.0
2008-06-10,92.73
2008-06-11,92.0
2008-06-16,91.7
2008-06-17,92.03
2008-06-18,92.87
2008-06-19,92.83
2008-06-20,92.4
2008-06-23,91.96
2008-06-24,91.18
2008-06-25,87.4
2008-06-26,85.42
2008-06-27,80.0
2008-06-30,78.0
2008-07-01,75.09
2008-07-02,76.1
2008-07-03,76.9
2008-07-04,75.0
2008-07-07,75.9
2008-07-08,75.79
2008-07-09,76.7
2008-07-10,75.0
2008-07-11,74.0
2008-07-14,73.22
2008-07-15,72.75
2008-07-16,73.4
2008-07-17,74.0
2008-07-18,74.46
2008-07-21,73.75
2008-07-22,72.2
2008-07-23,73.49
2008-07-24,73.07
2008-07-25,71.55
2008-07-28,68.1
2008-07-29,68.0
2008-07-30,72.48
2008-07-31,71.91
2008-08-01,71.5
2008-08-04,70.28
2008-08-05,71.5
2008-08-06,73.24
2008-08-07,73.41
2008-08-08,71.5
2008-08-11,72.0
2008-08-12,72.9
2008-08-13,72.2
2008-08-14,72.39
2008-08-15,75.0
2008-08-18,75.0
2008-08-19,73.4
2008-08-20,74.5
2008-08-21,73.13
2008-08-22,72.45
2008-08-25,71.9
2008-08-26,69.5
2008-08-27,67.75
2008-08-28,68.05
2008-08-29,68.7
2008-09-01,70.01
2008-09-02,71.0
2008-09-03,71.5
2008-09-04,69.55
2008-09-05,69.76
2008-09-08,68.56
2008-09-09,64.12
2008-09-10,60.0
2008-09-11,61.5
2008-09-12,65.27
2008-09-15,61.4
2008-09-16,52.0
2008-09-17,57.0
2008-09-19,67.29
2008-09-22,70.0
2008-09-23,65.0
2008-09-24,67.22
2008-09-25,68.0
2008-09-26,67.0
2008-09-29,64.0
2008-09-30,63.15
2008-10-01,63.3
2008-10-02,63.36
2008-10-03,63.0
2008-10-06,57.0
2008-10-07,64.84
2008-10-08,63.7
2008-10-09,63.4
2008-10-13,63.5
2008-10-14,63.3
2008-10-15,63.3
2008-10-16,63.29
2008-10-17,63.9
2008-10-20,62.33
2008-10-21,60.5
2008-10-22,61.0
2008-10-23,60.0
2008-10-24,60.5
2008-10-28,60.3
2008-10-29,59.13
2008-10-30,59.5
2008-10-31,60.14
2008-11-01,59.8
2008-11-05,58.97
2008-11-06,58.3
2008-11-07,57.28
2008-11-10,56.49
2008-11-11,56.5
2008-11-13,54.34
2008-11-14,53.0
2008-11-17,53.0
2008-11-18,52.5
2008-11-19,52.25
2008-11-20,50.15
2008-11-21,50.5
2008-11-24,50.75
2008-11-25,49.1
2008-11-26,49.5
2008-11-27,49.87
2008-11-28,50.09
2008-12-01,50.13
2008-12-02,48.7
2008-12-03,47.8
2008-12-04,45.9
2008-12-05,44.4
2008-12-08,45.02
2008-12-09,44.64
2008-12-10,44.15
2008-12-11,43.74
2008-12-12,42.51
2008-12-15,40.6
2008-12-16,36.45
2008-12-17,35.36
2008-12-18,34.2
2008-12-19,30.68
2008-12-22,29.96
2008-12-23,30.0
2008-12-24,30.0
2008-12-25,29.22
2008-12-26,28.79
2008-12-29,28.08
2008-12-30,27.13
2008-12-31,27.55
2009-01-11,27.94
2009-01-12,27.95
2009-01-13,27.96
2009-01-14,28.24
2009-01-15,27.25
2009-01-16,26.79
2009-01-19,25.18
2009-01-20,23.95
2009-01-21,23.56
2009-01-22,21.5
2009-01-23,20.2
2009-01-26,24.93
2009-01-27,22.7
2009-01-28,22.51
2009-01-29,22.89
2009-01-30,23.3
2009-02-02,22.68
2009-02-03,23.0
2009-02-04,23.55
2009-02-05,23.51
2009-02-06,24.1
2009-02-09,24.59
2009-02-10,25.35
2009-02-11,25.01
2009-02-12,25.3
2009-02-13,25.7
2009-02-16,25.2
2009-02-17,25.23
2009-02-18,25.16
2009-02-19,25.9
2009-02-20,25.81
2009-02-24,26.75
2009-02-25,26.98
2009-02-26,26.75
2009-02-27,26.56
2009-03-02,26.24
2009-03-03,27.66
2009-03-04,29.92
2009-03-05,29.89
2009-03-06,29.89
2009-03-10,30.22
2009-03-11,30.46
2009-03-12,30.49
2009-03-13,31.12
2009-03-16,31.19
2009-03-17,31.34
2009-03-18,31.85
2009-03-19,32.4
2009-03-20,32.05
2009-03-23,33.89
2009-03-24,34.64
2009-03-25,36.5
2009-03-26,36.2
2009-03-27,35.7
2009-03-30,36.5
2009-03-31,39.65
2009-04-01,39.12
2009-04-02,39.0
2009-04-03,37.29
2009-04-06,35.9
2009-04-07,35.88
2009-04-08,36.3
2009-04-09,36.6
2009-04-10,36.21
2009-04-13,36.19
2009-04-14,35.15
2009-04-15,34.8
2009-04-16,35.27
2009-04-17,35.16
2009-04-20,34.5
2009-04-21,32.96
2009-04-22,33.45
2009-04-23,33.87
2009-04-24,33.5
2009-04-27,33.0
2009-04-28,32.32
2009-04-29,32.51
2009-04-30,33.96
2009-05-04,34.98
2009-05-05,35.0
2009-05-06,35.19
2009-05-07,35.49
2009-05-08,35.49
2009-05-12,36.99
2009-05-13,33.78
2009-05-14,33.87
2009-05-15,33.98
2009-05-18,35.0
2009-05-19,34.7
2009-05-20,34.93
2009-05-21,34.48
2009-05-22,34.34
2009-05-25,34.2
2009-05-26,33.75
2009-05-27,35.0
2009-05-28,35.13
2009-05-29,35.15
2009-06-01,34.99
2009-06-02,35.48
2009-06-03,35.1
2009-06-04,37.86
2009-06-05,37.3
2009-06-08,37.24
2009-06-09,36.65
2009-06-10,36.5
2009-06-11,36.66
2009-06-15,35.5
2009-06-16,35.74
2009-06-17,36.11
2009-06-18,35.15
2009-06-19,35.25
2009-06-22,34.0
2009-06-23,32.5
2009-06-24,33.4
2009-06-25,33.12
2009-06-26,32.7
2009-06-29,33.37
2009-06-30,33.87
2009-07-01,33.5
2009-07-02,33.0
2009-07-03,33.09
2009-07-06,32.81
2009-07-07,32.05
2009-07-08,30.72
2009-07-09,30.33
2009-07-10,29.55
2009-07-13,29.65
2009-07-14,28.85
2009-07-15,29.28
2009-07-16,29.46
2009-07-17,30.16
2009-07-20,30.55
2009-07-21,31.7
2009-07-22,30.99
2009-07-23,31.7
2009-07-24,31.54
2009-07-27,32.67
2009-07-28,31.51
2009-07-29,30.65
2009-07-30,31.17
2009-07-31,31.43
2009-08-03,33.06
2009-08-04,33.28
2009-08-05,32.34
2009-08-06,33.0
2009-08-07,33.19
2009-08-10,33.05
2009-08-11,32.61
2009-08-12,32.2
2009-08-13,33.56
2009-08-14,33.29
2009-08-17,32.0
2009-08-18,32.42
2009-08-19,32.55
2009-08-20,32.7
2009-08-21,33.09
2009-08-24,33.45
2009-08-25,32.99
2009-08-26,32.77
2009-08-27,32.5
2009-08-28,32.87
2009-08-31,32.35
2009-09-01,35.0
2009-09-02,36.12
2009-09-03,36.2
2009-09-04,36.23
2009-09-07,36.42
2009-09-08,36.45
2009-09-09,36.5
2009-09-10,37.47
2009-09-11,37.51
2009-09-14,38.88
2009-09-15,38.85
2009-09-16,39.4
2009-09-17,38.3
2009-09-18,40.18
2009-09-21,38.27
2009-09-22,39.77
2009-09-23,40.0
2009-09-24,40.9
2009-09-25,42.49
2009-09-28,44.0
2009-09-29,44.1
2009-09-30,45.5
2009-10-01,44.96
2009-10-02,44.01
2009-10-05,43.4
2009-10-06,43.91
2009-10-07,43.79
2009-10-08,43.45
2009-10-09,43.3
2009-10-12,43.15
2009-10-13,43.53
2009-10-14,45.55
2009-10-15,44.6
2009-10-16,42.85
2009-10-19,44.52
2009-10-20,46.4
2009-10-21,46.1
2009-10-22,45.35
2009-10-23,45.2
2009-10-26,44.65
2009-10-27,43.0
2009-10-28,42.29
2009-10-29,42.4
2009-10-30,39.88
2009-11-02,40.67
2009-11-03,39.35
2009-11-05,40.2
2009-11-06,40.89
2009-11-09,42.0
2009-11-10,42.17
2009-11-11,42.9
2009-11-12,41.8
2009-11-13,42.97
2009-11-16,45.02
2009-11-17,44.15
2009-11-18,45.52
2009-11-19,46.5
2009-11-20,46.01
2009-11-23,46.5
2009-11-24,46.2
2009-11-25,45.74
2009-11-26,43.7
2009-11-27,43.95
2009-11-30,43.7
2009-12-01,45.13
2009-12-02,45.0
2009-12-03,44.0
2009-12-04,44.64
2009-12-07,44.1
2009-12-08,43.39
2009-12-09,44.3
2009-12-10,44.05
2009-12-11,45.16
2009-12-14,47.0
2009-12-15,47.72
2009-12-16,47.79
2009-12-17,46.1
2009-12-18,47.09
2009-12-21,47.0
2009-12-22,48.0
2009-12-23,52.15
2009-12-24,50.16
2009-12-25,49.48
2009-12-28,50.03
2009-12-29,51.54
2009-12-30,53.14
2009-12-31,52.5
2010-01-11,54.26
2010-01-12,54.25
2010-01-13,53.5
2010-01-14,54.6
2010-01-15,54.65
2010-01-18,54.5
2010-01-19,54.87
2010-01-20,54.99
2010-01-21,54.9
2010-01-22,52.14
2010-01-25,52.48
2010-01-26,52.54
2010-01-27,53.8
2010-01-28,54.65
2010-01-29,56.48
2010-02-01,56.51
2010-02-02,57.01
2010-02-03,56.35
2010-02-04,54.38
2010-02-05,52.51
2010-02-08,51.19
2010-02-09,52.3
2010-02-10,51.0
2010-02-11,51.54
2010-02-12,50.38
2010-02-16,54.01
2010-02-25,54.77
2010-03-03,55.1
2010-03-12,55.55
2010-03-19,60.3
2010-03-29,64.4
2010-04-05,68.35
2010-04-12,66.3
2010-04-13,66.4
2010-04-20,64.0
2010-04-27,62.7
2010-05-05,58.1
2010-05-14,58.7
2010-05-21,56.45
2010-05-31,57.1
2010-06-07,58.72
2010-06-16,60.93
2010-06-23,60.51
2010-06-30,57.34
2010-07-01,54.77
2010-07-09,61.22
2010-07-16,62.39
2010-07-23,61.75
2010-07-30,60.68
2010-08-06,62.47
2010-08-17,61.35
2010-08-24,59.47
2010-08-31,61.1
2010-09-07,62.7
2010-09-15,66.43
2010-09-22,65.1
2010-09-30,66.63
2010-10-07,65.5
2010-10-15,69.98
2010-10-22,74.3
2010-10-29,76.8
2010-11-01,76.8
2010-11-11,75.8
2010-11-17,75.19
2010-11-24,79.6
2010-12-01,79.2
2010-12-08,83.7
2010-12-17,80.75
2010-12-24,80.15
2011-01-11,81.51
2011-01-18,80.19
2011-01-26,78.52
2011-02-02,77.2
2011-02-10,74.72
2011-02-17,73.33
2011-02-25,71.25
2011-02-28,73.18
2011-03-01,73.92
2011-03-02,74.06
2011-03-03,73.8
2011-03-05,73.23
2011-03-10,73.7
2011-03-11,73.56
2011-03-14,74.5
2011-03-15,76.59
2011-03-16,77.26
2011-03-17,75.93
2011-03-21,74.21
2011-03-22,73.05
2011-03-23,72.63
2011-03-24,73.69
2011-03-25,73.4
2011-03-28,73.32
2011-03-30,72.1
2011-03-31,73.8
2011-04-01,72.26
2011-04-04,72.71
2011-04-05,72.2
2011-04-06,72.45
2011-04-08,73.02
2011-04-11,72.58
2011-04-12,72.1
2011-04-13,71.61
2011-04-14,70.82
2011-04-15,72.5
2011-04-18,67.21
2011-04-19,70.34
2011-04-21,70.3
2011-04-22,70.0
2011-04-25,69.9
2011-04-26,68.27
2011-04-27,68.89
2011-04-28,67.14
2011-05-03,67.2
2011-05-04,65.2
2011-05-05,65.0
2011-05-06,67.0
2011-05-10,67.0
2011-05-11,67.27
2011-05-13,68.3
2011-05-16,68.59
2011-05-17,67.41
2011-05-18,69.5
2011-05-19,68.57
2011-05-20,67.67
2011-05-24,67.73
2011-05-25,68.94
2011-05-26,69.0
2011-05-27,70.82
2011-05-30,73.17
2011-05-31,72.77
2011-06-01,71.7
2011-06-02,71.75
2011-06-03,70.16
2011-06-06,70.99
2011-06-07,71.29
2011-06-08,71.55
2011-06-09,72.0
2011-06-10,71.6
2011-06-14,71.35
2011-06-15,73.02
2011-06-16,70.5
2011-06-17,69.67
2011-06-20,66.8
2011-06-21,69.0
2011-06-22,69.01
2011-06-23,68.65
2011-06-24,68.88
2011-06-27,71.88
2011-06-28,66.83
2011-06-29,69.5
2011-06-30,69.01
2011-07-01,69.25
2011-07-04,68.25
2011-07-05,70.19
2011-07-06,71.58
2011-07-07,71.99
2011-07-08,71.75
2011-07-11,70.02
2011-07-12,71.0
2011-07-13,70.59
2011-07-14,70.1
2011-07-15,69.49
2011-07-18,69.0
2011-07-19,69.0
2011-07-20,69.0
2011-07-21,70.0
2011-07-22,70.0
2011-07-25,69.92
2011-07-26,71.03
2011-07-27,70.69
2011-07-28,69.7
2011-07-29,70.17
2011-08-01,72.4
2011-08-02,70.05
2011-08-03,68.48
2011-08-04,68.5
2011-08-05,69.99
2011-08-08,56.81
2011-08-09,59.0
2011-08-10,56.11
2011-08-11,54.51
2011-08-12,56.93
2011-08-15,58.6
2011-08-16,57.89
2011-08-17,57.77
2011-08-18,55.0
2011-08-19,57.85
2011-08-22,52.0
2011-08-23,51.75
2011-08-24,52.8
2011-08-25,50.21
2011-08-26,50.5
2011-08-29,53.7
2011-08-30,55.97
2011-08-31,57.5
2011-09-01,58.01
2011-09-02,58.14
2011-09-05,55.85
2011-09-06,55.79
2011-09-07,58.2
2011-09-08,59.87
2011-09-09,59.0
2011-09-12,57.69
2011-09-13,58.49
2011-09-14,56.79
2011-09-15,56.97
2011-09-16,57.5
2011-09-19,59.99
2011-09-20,57.94
2011-09-21,56.68
2011-09-22,52.64
2011-09-23,48.92
2011-09-26,49.5
2011-09-27,51.41
2011-09-28,49.77
2011-09-29,51.4
2011-09-30,52.49
2011-10-03,50.77
2011-10-04,48.59
2011-10-05,52.24
2011-10-06,49.94
2011-10-07,51.27
2011-10-10,52.0
2011-10-11,51.5
2011-10-12,66.99
2011-10-13,51.97
2011-10-14,52.53
2011-10-17,52.52
2011-10-18,51.98
2011-10-19,52.99
2011-10-20,50.52
2011-10-21,51.2
2011-10-24,52.42
2011-10-25,50.7
2011-10-26,51.0
2011-10-27,53.01
2011-10-28,57.49
2011-10-31,56.74
2011-11-01,54.59
2011-11-02,55.97
2011-11-03,52.27
2011-11-07,51.6
2011-11-08,52.8
2011-11-09,51.51
2011-11-10,50.25
2011-11-11,51.62
2011-11-14,50.79
2011-11-15,51.28
2011-11-16,50.78
2011-11-17,51.71
2011-11-18,50.74
2011-11-21,51.0
2011-11-22,51.7
2011-11-23,49.52
2011-11-24,49.85
2011-11-25,49.74
2011-11-28,50.66
2011-11-29,50.2
2011-11-30,50.94
2011-12-01,50.8
2011-12-02,50.69
2011-12-05,50.55
2011-12-06,49.82
2011-12-07,49.75
2011-12-08,49.6
2011-12-09,46.62
2011-12-12,45.9
2011-12-13,46.91
2011-12-14,44.81
2011-12-15,45.0
2011-12-16,43.03
2011-12-19,44.82
2011-12-20,44.17
2011-12-21,47.72
2011-12-22,49.83
2011-12-23,44.98
2011-12-26,44.8
2011-12-27,45.45
2011-12-28,45.12
2011-12-29,45.61
2011-12-30,50.23
2012-01-03,54.99
2012-01-04,52.27
2012-01-05,50.32
2012-01-06,50.29
2012-01-09,55.44
2012-01-10,50.5
2012-01-11,50.12
2012-01-12,50.38
2012-01-13,48.61
2012-01-16,49.7
2012-01-17,50.33
2012-01-18,50.48
2012-01-19,50.43
2012-01-20,49.91
2012-01-23,50.44
2012-01-24,50.17
2012-01-25,51.05
2012-01-26,50.45
2012-01-27,50.1
2012-01-30,49.95
2012-01-31,50.01
2012-02-01,50.89
2012-02-02,51.54
2012-02-03,51.15
2012-02-06,51.37
2012-02-07,51.0
2012-02-08,50.01
2012-02-09,50.22
2012-02-10,50.14
2012-02-13,51.07
2012-02-14,53.0
2012-02-15,53.6
2012-02-16,54.47
2012-02-17,55.3
2012-02-20,54.78
2012-02-21,54.32
2012-02-22,50.61
2012-02-24,51.98
2012-02-27,51.0
2012-02-28,50.75
2012-02-29,50.6
2012-03-01,51.0
2012-03-02,50.41
2012-03-05,50.92
2012-03-06,49.5
2012-03-07,49.15
2012-03-11,50.23
2012-03-12,49.67
2012-03-13,49.9
2012-03-14,49.7
2012-03-15,49.25
2012-03-16,49.5
2012-03-19,47.96
2012-03-20,49.84
2012-03-21,46.8
2012-03-22,47.17
2012-03-23,47.96
2012-03-26,48.2
2012-03-27,48.01
2012-03-28,47.4
2012-03-29,46.42
2012-03-30,47.58
2012-04-02,47.97
2012-04-03,47.83
2012-04-04,47.0
2012-04-05,47.2
2012-04-06,46.52
2012-04-09,46.6
2012-04-10,46.98
2012-04-11,47.01
2012-04-12,47.45
2012-04-13,49.26
2012-04-16,48.79
2012-04-17,48.98
2012-04-18,47.5
2012-04-19,47.68
2012-04-20,48.22
2012-04-23,47.36
2012-04-24,45.28
2012-04-25,47.6
2012-04-26,46.41
2012-04-27,47.1
2012-04-28,48.8
2012-05-02,48.1
2012-05-03,48.2
2012-05-04,47.13
2012-05-05,47.49
2012-05-07,45.95
2012-05-08,46.2
2012-05-10,46.1
2012-05-11,43.16
2012-05-12,44.61
2012-05-14,44.0
2012-05-15,42.96
2012-05-17,40.0
2012-05-18,40.27
2012-05-21,40.92
2012-05-22,39.9
2012-05-23,39.7
2012-05-24,40.67
2012-05-28,41.09
2012-05-30,42.0
2012-06-01,42.0
2012-06-05,43.24
2012-06-06,45.0
2012-06-07,45.0
2012-06-09,44.51
2012-06-13,43.06
2012-06-14,43.5
2012-06-15,44.53
2012-06-19,44.01
2012-06-20,45.0
2012-06-21,43.5
2012-06-22,42.26
2012-06-25,42.5
2012-06-26,42.5
2012-06-27,42.75
2012-06-28,41.97
2012-06-29,43.41
2012-07-02,43.5
2012-07-03,44.09
2012-07-04,44.3
2012-07-05,43.9
2012-07-06,43.0
2012-07-09,43.32
2012-07-10,43.28
2012-07-11,43.5
2012-07-12,42.86
2012-07-13,43.65
2012-07-16,49.84
2012-07-17,44.0
2012-07-20,48.89
2012-07-23,42.65
2012-07-25,42.0
2012-07-26,41.9
2012-07-27,42.19
2012-07-30,42.4
2012-07-31,41.9
2012-08-01,41.58
2012-08-02,41.49
2012-08-06,42.2
2012-08-07,42.0
2012-08-08,42.07
2012-08-10,42.15
2012-08-13,41.36
2012-08-14,41.9
2012-08-15,41.31
2012-08-16,41.7
2012-08-17,43.67
2012-08-20,42.75
2012-08-21,42.71
2012-08-23,49.86
2012-08-24,43.0
2012-08-27,43.25
2012-08-28,43.34
2012-08-29,43.76
2012-08-31,42.07
2012-09-03,42.7
2012-09-04,42.69
2012-09-05,42.41
2012-09-06,42.62
2012-09-07,43.3
2012-09-11,43.65
2012-09-13,43.12
2012-09-14,45.0
2012-09-17,45.2
2012-09-18,44.93
2012-09-19,44.26
2012-09-21,44.0
2012-09-24,44.89
2012-09-25,43.32
2012-09-26,42.5
2012-09-27,43.2
2012-09-28,43.45
2012-10-01,43.8
2012-10-02,42.91
2012-10-03,43.69
2012-10-04,43.2
2012-10-08,42.9
2012-10-09,44.08
2012-10-10,43.25
2012-10-12,43.37
2012-10-15,42.7
2012-10-16,42.5
2012-10-17,42.35
2012-10-18,42.55
2012-10-19,42.25
2012-10-22,42.07
2012-10-23,40.04
2012-10-24,39.77
2012-10-25,40.25
2012-10-26,40.88
2012-10-29,39.27
2012-10-31,39.91
2012-11-01,39.69
2012-11-02,42.3
2012-11-07,41.78
2012-11-08,41.47
2012-11-09,43.93
2012-11-14,40.23
2012-11-15,41.95
2012-11-16,42.39
2012-11-19,42.14
2012-11-20,41.71
2012-11-22,42.55
2012-11-23,42.7
2012-11-26,42.12
2012-11-27,42.96
2012-11-28,42.91
2012-11-29,42.6
2012-11-30,42.63
2012-12-03,42.99
2012-12-04,43.0
2012-12-05,43.99
2012-12-06,43.32
2012-12-07,42.92
2012-12-10,42.57
2012-12-11,43.5
2012-12-12,43.3
2012-12-13,43.6
2012-12-14,43.57
2012-12-17,43.45
2012-12-18,43.05
2012-12-19,43.07
2012-12-20,42.6
2012-12-21,42.99
2012-12-25,44.08
2012-12-26,43.72
2012-12-27,43.7
2012-12-28,44.35
2013-01-08,45.6
2013-01-10,47.16
2013-01-11,47.44
2013-01-14,49.96
2013-01-15,49.45
2013-01-16,48.3
2013-01-17,47.34
2013-01-21,50.55
2013-01-22,51.96
2013-01-23,52.0
2013-01-24,52.88
2013-01-25,51.0
2013-01-28,53.02
2013-01-30,52.22
2013-01-31,52.93
2013-02-01,53.68
2013-02-04,52.65
2013-02-05,53.19
2013-02-06,54.47
2013-02-08,55.9
2013-02-11,55.72
2013-02-12,54.44
2013-02-13,57.26
2013-02-14,57.01
2013-02-15,58.04
2013-02-18,58.4
2013-02-20,55.72
2013-02-21,55.44
2013-02-22,57.6
2013-02-25,55.19
2013-02-26,53.57
2013-02-27,54.0
2013-03-01,52.42
2013-03-04,52.25
2013-03-05,55.39
2013-03-06,55.89
2013-03-07,55.74
2013-03-11,55.89
2013-03-13,56.58
2013-03-14,59.17
2013-03-15,55.13
2013-03-18,54.25
2013-03-19,53.18
2013-03-20,53.57
2013-03-22,52.5
2013-03-26,50.1
2013-03-27,50.11
2013-03-28,52.17
2013-03-29,52.69
2013-04-01,52.15
2013-04-03,52.65
2013-04-04,53.63
2013-04-05,54.75
2013-04-08,53.75
2013-04-09,52.55
2013-04-10,53.8
2013-04-12,52.3
2013-04-15,50.5
2013-04-16,49.72
2013-04-17,50.21
2013-04-18,51.85
2013-04-19,52.5
2013-04-23,52.08
2013-04-24,52.1
2013-04-25,53.0
2013-04-26,52.7
2013-04-29,52.82
2013-04-30,53.0
2013-05-06,52.85
2013-05-07,53.0
2013-05-13,51.0
2013-05-15,50.55
2013-05-16,50.15
2013-05-17,50.1
2013-05-22,52.06
2013-05-23,48.65
2013-05-24,50.1
2013-05-27,50.57
2013-05-28,50.02
2013-05-29,51.1
2013-05-31,52.0
2013-06-05,51.98
2013-06-06,52.08
2013-06-07,53.5
2013-06-10,52.01
2013-06-11,50.8
2013-06-13,51.25
2013-06-14,53.46
2013-06-17,53.61
2013-06-18,54.3
2013-06-19,59.15
2013-06-20,53.44
2013-06-21,54.35
2013-06-24,54.92
2013-06-25,52.19
2013-06-27,56.15
2013-06-28,56.49
2013-07-01,59.14
2013-07-02,58.0
2013-07-03,58.2
2013-07-04,58.25
2013-07-15,58.59
2013-07-19,58.28
2013-07-23,56.65
2013-07-29,55.08
2013-08-01,57.1
2013-08-02,57.01
2013-08-07,55.06
2013-08-09,55.99
2013-08-14,56.1
2013-08-20,52.28
2013-08-22,53.85
2013-08-28,52.99
2013-08-30,48.5
2013-09-02,48.5
2013-09-04,47.74
2013-09-05,49.38
2013-09-06,50.96
2013-09-10,50.77
2013-09-11,51.51
2013-09-12,51.1
2013-09-16,52.87
2013-09-17,53.9
2013-09-18,53.52
2013-09-20,54.97
2013-09-23,54.96
2013-09-25,55.4
2013-09-26,54.27
2013-10-01,54.07
2013-10-02,54.56
2013-10-03,55.25
2013-10-04,55.2
2013-10-08,55.14
2013-10-09,55.0
2013-10-10,55.17
2013-10-11,54.33
2013-10-14,55.29
2013-10-15,55.2
2013-10-16,57.9
2013-10-17,55.31
2013-10-18,55.41
2013-10-21,55.4
2013-10-22,55.75
2013-10-23,56.05
2013-10-24,57.14
2013-10-28,57.18
2013-10-29,57.6
2013-10-31,57.4
2013-11-01,57.38
2013-11-06,57.4
2013-11-07,58.45
2013-11-12,55.95
2013-11-13,57.83
2013-11-14,59.51
2013-11-18,59.81
2013-11-19,58.68
2013-11-20,57.06
2013-11-22,58.29
2013-11-25,58.26
2013-11-27,57.19
2013-11-28,58.44
2013-11-29,60.94
2013-12-03,63.12
2013-12-04,67.46
2013-12-06,68.8
2013-12-09,72.48
2013-12-10,73.0
2013-12-12,73.65
2013-12-13,76.75
2013-12-17,79.24
2013-12-18,77.17
2013-12-19,78.0
2013-12-24,85.0
2013-12-25,85.05
2013-12-27,82.5
2013-12-30,83.7
2014-01-06,83.19
2014-01-09,82.9
2014-01-10,82.83
2014-01-14,84.96
2014-01-15,83.9
2014-01-16,85.18
2014-01-20,85.46
2014-01-21,81.35
2014-01-23,79.79
2014-01-24,78.7
2014-01-27,80.26
2014-01-29,81.38
2014-01-30,81.44
2014-02-03,80.0
2014-02-04,76.65
2014-02-05,76.29
2014-02-07,79.02
2014-02-10,79.51
2014-02-11,80.7
2014-02-13,80.6
2014-02-14,80.28
2014-02-17,80.22
2014-02-19,78.1
2014-02-20,77.8
2014-02-24,76.9
2014-02-25,77.39
2014-02-26,76.12
2014-02-28,70.61
2014-03-03,59.0
2014-03-05,62.18
2014-03-06,62.4
2014-03-07,60.0
2014-03-12,58.55
2014-03-13,52.8
2014-03-17,46.62
2014-03-18,48.6
2014-03-19,54.0
2014-03-20,57.0
2014-03-21,55.15
2014-03-24,53.74
2014-03-26,55.35
2014-03-27,53.11
2014-03-28,53.77
2014-04-01,55.97
2014-04-02,55.78
2014-04-04,56.02
2014-04-07,53.45
2014-04-08,53.39
2014-04-09,53.59
2014-04-10,54.15
2014-04-11,53.4
2014-04-15,49.68
2014-04-16,51.8
2014-04-17,52.99
2014-04-18,53.75
2014-04-21,53.65
2014-04-22,52.34
2014-04-23,51.76
2014-04-24,50.0
2014-05-06,50.55
2014-05-07,52.17
2014-05-12,51.61
2014-05-13,52.8
2014-05-14,53.0
2014-05-16,52.65
2014-05-19,53.55
2014-05-21,54.2
2014-05-22,53.11
2014-05-23,53.59
2014-05-27,53.32
2014-05-28,54.0
2014-05-30,55.15
2014-06-02,57.04
2014-06-03,57.65
2014-06-05,57.57
2014-06-06,57.59
2014-06-10,58.85
2014-06-11,58.74
2014-06-16,57.1
2014-06-19,55.64
2014-06-20,55.68
2014-06-23,56.38
2014-06-25,56.75
2014-06-26,56.44
2014-06-27,55.6
2014-06-30,57.0
2014-07-01,56.68
2014-07-02,57.1
2014-07-03,57.09
2014-07-04,57.3
2014-07-07,58.26
2014-07-10,58.66
2014-07-11,59.1
2014-07-14,59.5
2014-07-16,59.43
2014-07-17,57.33
2014-07-18,54.26
2014-07-22,53.73
2014-07-23,53.98
2014-07-25,52.28
2014-07-28,50.48
2014-07-29,51.0
2014-08-01,49.53
2014-08-04,49.9
2014-08-06,44.62
2014-08-07,44.44
2014-08-08,44.99
2014-08-12,45.4
2014-08-13,46.4
2014-08-14,48.24
2014-08-15,49.99
2014-08-18,49.17
2014-08-22,48.88
2014-08-25,49.41
2014-08-26,48.31
2014-08-27,48.56
2014-08-28,46.7
2014-08-29,46.73
2014-09-01,47.39
2014-09-02,47.0
2014-09-03,47.82
2014-09-04,47.29
2014-09-08,46.79
2014-09-09,47.1
2014-09-11,45.44
2014-09-12,46.25
2014-09-15,46.22
2014-09-17,46.0
2014-09-18,45.44
2014-09-19,45.3
2014-09-23,45.4
2014-09-24,44.8
2014-09-26,43.6
2014-09-29,43.49
2014-09-30,44.25
2014-10-01,43.0
2014-10-02,42.68
2014-10-03,42.25
2014-10-07,42.48
2014-10-08,41.53
2014-10-09,40.9
2014-10-10,40.35
2014-10-13,39.75
2014-10-14,39.95
2014-10-15,40.24
2014-10-16,39.69
2014-10-17,40.35
2014-10-23,37.23
2014-10-24,37.3
2014-10-27,37.61
2014-10-29,38.0
2014-10-30,38.01
2014-10-31,38.2
2014-11-03,38.3
2014-11-05,39.65
2014-11-06,41.37
2014-11-10,43.98
2014-11-11,44.28
2014-11-14,41.5
2014-11-17,41.0
2014-11-19,39.91
2014-11-20,42.01
2014-11-21,42.08
2014-11-25,42.28
2014-11-26,41.88
2014-11-28,41.78
2014-12-01,41.75
2014-12-02,41.03
2014-12-04,40.52
2014-12-05,38.17
2014-12-08,37.77
2014-12-10,38.19
2014-12-11,37.17
2014-12-12,37.29
2014-12-16,29.86
2014-12-17,30.0
2014-12-19,32.5
2014-12-22,33.1
2014-12-23,34.1
2014-12-24,33.69
2014-12-25,33.89
2014-12-26,33.57
2014-12-30,32.23
2015-01-05,33.21
2015-01-06,33.07
2015-01-08,34.7
2015-01-09,34.0
2015-01-12,34.45
2015-01-13,35.0
2015-01-14,36.55
2015-01-15,36.65
2015-01-16,36.05
2015-01-21,38.1
2015-01-22,39.55
2015-01-26,38.26
2015-01-27,38.0
2015-01-28,38.4
2015-01-30,38.25
2015-02-02,37.34
2015-02-04,37.09
2015-02-05,37.75
2015-02-06,38.26
2015-02-10,37.83
2015-02-11,38.0
2015-02-13,40.4
2015-02-16,40.41
2015-02-17,40.23
2015-02-19,39.93
2015-02-20,40.0
2015-02-25,38.99
2015-02-26,39.5
2015-02-27,39.1
2015-03-04,38.55
2015-03-05,38.47
2015-03-10,36.65
2015-03-11,36.65
2015-03-12,38.2
2015-03-16,36.5
2015-03-17,35.01
2015-03-18,35.07
2015-03-19,35.32
2015-03-20,33.5
2015-03-23,34.0
2015-03-26,32.5
2015-03-27,32.7
2015-03-31,34.0
2015-04-01,36.14
2015-04-02,35.82
2015-04-06,36.5
2015-04-07,36.6
2015-04-08,36.0
2015-04-09,35.15
2015-04-10,38.0
2015-04-13,37.13
2015-04-14,37.7
2015-04-16,39.16
2015-04-17,38.28
2015-04-20,37.75
2015-04-21,37.8
2015-04-22,38.99
2015-04-23,38.73
2015-04-27,39.33
2015-04-28,39.0
2015-04-29,39.5
2015-05-05,40.2
2015-05-06,40.41
2015-05-12,40.5
2015-05-13,41.49
2015-05-15,40.61
2015-05-18,40.52
2015-05-19,39.97
2015-05-21,39.28
2015-05-22,41.2
2015-05-26,40.23
2015-05-27,40.4
2015-05-28,40.96
2015-06-01,40.53
2015-06-02,40.0
2015-06-03,39.3
2015-06-05,39.8
2015-06-08,40.0
2015-06-09,40.75
2015-06-11,39.78
2015-06-15,39.45
2015-06-16,39.85
2015-06-18,38.97
2015-06-19,37.9
2015-06-22,38.7
2015-06-23,38.92
2015-06-24,38.72
2015-06-25,38.3
2015-06-29,38.0
2015-06-30,38.24
2015-07-02,37.0
2015-07-03,37.05
2015-07-07,36.75
2015-07-08,38.0
2015-07-14,38.94
2015-07-15,38.96
2015-07-17,39.55
2015-07-20,38.82
2015-07-23,39.33
2015-07-24,39.13
2015-07-27,38.42
2015-07-28,38.33
2015-07-29,38.97
2015-08-04,39.3
2015-08-05,40.5
2015-08-07,40.52
2015-08-10,40.23
2015-08-11,40.27
2015-08-13,40.1
2015-08-14,39.87
2015-08-18,39.95
2015-08-19,39.9
2015-08-20,39.65
2015-08-24,37.71
2015-08-25,38.74
2015-08-26,38.95
2015-08-28,39.04
2015-08-31,40.0
2015-09-01,37.75
2015-09-03,35.7
2015-09-04,34.85
2015-09-08,33.51
2015-09-09,34.97
2015-09-10,35.7
2015-09-11,35.65
2015-09-14,36.25
2015-09-15,36.2
2015-09-17,35.83
2015-09-18,36.53
2015-09-21,35.95
2015-09-22,35.59
2015-09-23,35.31
2015-09-24,34.67
2015-09-25,35.33
2015-09-28,34.53
2015-09-29,34.55
2015-10-02,38.85
2015-10-05,38.92
2015-10-06,39.43
2015-10-08,41.6
2015-10-09,43.31
2015-10-12,44.18
2015-10-14,47.39
2015-10-15,49.0
2015-10-19,48.11
2015-10-20,49.31
2015-10-21,47.52
2015-10-23,48.26
2015-10-26,48.07
2015-10-28,47.52
2015-10-29,47.44
2015-10-30,48.8
2015-11-03,52.52
2015-11-05,51.96
2015-11-09,52.41
2015-11-10,51.84
2015-11-11,50.98
2015-11-16,52.3
2015-11-17,54.9
2015-11-19,56.45
2015-11-20,57.86
2015-11-23,57.13
2015-11-25,56.67
2015-11-26,55.12
2015-11-30,58.91
2015-12-01,61.0
2015-12-02,57.0
2015-12-04,57.33
2015-12-07,59.0
2015-12-09,58.4
2015-12-10,59.84
2015-12-11,58.3
2015-12-15,57.2
2015-12-16,56.45
2015-12-18,56.51
2015-12-21,56.9
2015-12-22,57.32
2015-12-24,56.55
2015-12-25,56.74
2015-12-28,56.29
2015-12-29,56.11
2015-12-30,56.01
2016-01-04,56.2
2016-01-05,54.45
2016-01-06,53.5
2016-01-11,51.66
2016-01-12,53.25
2016-01-13,55.0
2016-01-15,51.98
2016-01-18,50.4
2016-01-20,51.65
2016-01-21,50.99
2016-01-22,52.03
2016-01-26,51.28
2016-01-27,50.99
2016-01-28,50.89
2016-02-01,54.77
2016-02-02,54.1
2016-02-03,53.84
2016-02-04,54.89
2016-02-05,57.3
2016-02-08,57.05
2016-02-09,56.78
2016-02-10,55.8
2016-02-11,53.64
2016-02-12,54.41
2016-02-15,54.12
2016-02-16,54.13
2016-02-17,55.33
2016-02-18,54.2
2016-02-19,53.32
2016-02-20,53.4
2016-02-22,54.5
2016-02-24,53.7
2016-02-25,54.05
2016-03-01,61.19
2016-03-02,61.1
2016-03-04,65.49
2016-03-07,65.94
2016-03-10,63.77
2016-03-11,64.77
2016-03-15,66.3
2016-03-16,69.98
2016-03-25,73.21
2016-03-28,72.6
2016-03-30,74.1
2016-03-31,74.48
2016-04-01,74.9
2016-04-05,75.4
2016-04-06,79.14
2016-04-08,79.0
2016-04-11,82.2
2016-04-12,78.71
2016-04-14,78.63
2016-04-15,78.0
2016-04-19,77.62
2016-04-20,77.26
2016-04-21,74.31
2016-04-25,76.28
2016-04-26,75.16
2016-04-28,76.04
2016-04-29,77.48
2016-05-04,77.27
2016-05-10,79.87
2016-05-11,78.9
2016-05-13,80.51
2016-05-16,81.8
2016-05-17,80.82
2016-05-19,78.1
2016-05-20,78.8
2016-05-24,81.5
2016-05-25,80.6
2016-05-26,82.73
2016-05-30,81.01
2016-05-31,81.7
2016-06-02,84.4
2016-06-03,88.2
2016-06-06,86.79
2016-06-08,84.04
2016-06-09,85.0
2016-06-14,83.99
2016-06-15,84.47
2016-06-16,86.91
2016-06-21,83.52
2016-06-22,84.17
2016-06-24,83.42
2016-06-27,83.0
2016-06-28,69.1
2016-06-30,85.5
2016-07-01,86.01
2016-07-05,86.48
2016-07-06,86.45
2016-07-07,86.85
2016-07-11,87.73
2016-07-12,89.79
2016-07-14,87.78
2016-07-15,87.18
2016-07-18,86.97
2016-07-20,86.86
2016-07-21,85.2
2016-07-25,86.6
2016-07-26,86.1
2016-07-27,85.35
2016-08-01,86.25
2016-08-02,86.0
2016-08-04,86.55
2016-08-05,87.0
2016-08-08,85.84
2016-08-10,85.45
2016-08-11,85.5
2016-08-15,85.25
2016-08-16,83.6
2016-08-17,81.8
2016-08-19,83.25
2016-08-22,82.95
2016-08-24,88.23
2016-08-25,90.99
2016-08-26,94.35
2016-08-30,99.0
2016-08-31,98.65
2016-09-02,101.95
2016-09-05,104.7
2016-09-06,103.88
2016-09-09,103.8
2016-09-12,106.0
2016-09-13,104.03
2016-09-14,102.7
2016-09-15,104.51
2016-09-16,104.2
2016-09-19,107.56
2016-09-20,108.16
2016-09-21,111.5
2016-09-22,113.0
2016-09-26,117.0
2016-09-27,117.0
2016-09-29,117.29
2016-09-30,116.93
2016-10-03,119.2
2016-10-05,121.2
2016-10-06,122.0
2016-10-07,118.77
2016-10-11,121.9
2016-10-12,119.4
2016-10-13,116.45
2016-10-14,116.0
2016-10-20,124.0
2016-10-21,126.69
2016-10-25,128.67
2016-10-26,128.12
2016-10-27,126.98
2016-10-31,129.95
2016-11-01,134.04
2016-11-03,130.85
2016-11-07,128.0
2016-11-08,120.01
2016-11-10,128.9
2016-11-11,129.6
2016-11-15,130.0
2016-11-16,129.99
2016-11-17,129.3
2016-11-21,130.19
2016-11-22,129.2
2016-11-24,130.86
2016-11-25,130.0
2016-11-28,131.01
2016-12-01,135.7
2016-12-02,135.9
2016-12-06,139.5
2016-12-07,141.9
2016-12-08,145.0
2016-12-12,150.2
2016-12-13,152.6
2016-12-15,150.51
2016-12-16,149.8
2016-12-19,149.8
2016-12-21,158.36
2016-12-22,155.63
2016-12-26,153.8
2016-12-27,152.99
2016-12-28,153.49
2016-12-30,152.85
2017-01-03,151.68
2017-01-05,148.01
2017-01-06,146.31
2017-01-09,143.9
2017-01-11,146.08
2017-01-12,157.91
2017-01-13,156.9
2017-01-17,158.63
2017-01-18,163.54
2017-01-19,160.36
2017-01-23,160.2
2017-01-24,161.4
2017-01-26,165.5
2017-01-27,168.5
2017-01-30,171.08
2017-01-31,172.36
2017-02-01,175.0
2017-02-02,176.9
2017-02-06,179.0
2017-02-07,173.5
2017-02-08,172.0
2017-02-09,177.0
2017-02-10,179.5
2017-02-13,177.4
2017-02-14,175.2
2017-02-15,172.85
2017-02-16,171.2
2017-02-24,167.0
2017-02-27,165.05
2017-03-01,177.35
2017-03-02,174.0
2017-03-03,168.85
2017-03-07,161.15
2017-03-09,152.65
2017-03-13,157.4
2017-03-14,154.6
2017-03-15,153.8
2017-03-17,161.55
2017-03-20,159.3
2017-03-22,164.25
2017-03-23,165.45
2017-03-24,168.0
2017-03-28,165.65
2017-03-29,166.25
2017-03-31,168.0
2017-04-03,168.3
2017-04-04,168.25
2017-04-07,171.9
2017-04-10,163.55
2017-04-12,164.2
2017-04-13,166.3
2017-04-14,161.6
2017-04-18,163.05
2017-04-19,162.05
2017-04-20,163.3
2017-04-24,171.85
2017-04-25,174.3
2017-04-27,175.4
2017-04-28,175.75
2017-05-02,180.0
2017-05-04,183.15
2017-05-05,187.6
2017-05-10,190.1
2017-05-12,184.15
2017-05-15,181.9
2017-05-16,184.4
2017-05-17,187.05
2017-05-18,189.3
2017-05-19,187.6
2017-05-23,194.25
2017-05-24,193.8
2017-05-25,195.15
2017-05-29,189.5
2017-05-30,191.05
2017-05-31,187.75
2017-06-02,185.8
2017-06-05,189.05
2017-06-07,189.0
2017-06-08,192.1
2017-06-09,192.1
2017-06-14,190.0
2017-06-15,182.2
2017-06-19,181.5
2017-06-20,181.4
2017-06-21,191.45
2017-06-23,191.35
2017-06-26,186.75
2017-06-28,190.05
2017-06-29,193.0
2017-06-30,194.1
2017-07-05,204.25
2017-07-06,215.25
2017-07-10,217.5
2017-07-11,217.2
2017-07-12,225.0
2017-07-14,212.8
2017-07-17,209.2
2017-07-19,212.7
2017-07-20,214.7
2017-07-21,208.5
2017-07-25,204.55
2017-07-26,208.0
2017-07-27,207.75
2017-07-31,201.7
2017-08-01,206.4
2017-08-03,204.3
2017-08-04,205.45
2017-08-07,205.4
2017-08-08,210.05
2017-08-09,208.9
2017-08-10,205.85
2017-08-15,206.75
2017-08-16,209.7
2017-08-17,210.95
2017-08-21,213.05
2017-08-22,213.0
2017-08-23,210.3
2017-08-25,204.0
2017-08-28,203.15
2017-08-29,204.7
2017-08-31,191.8
2017-09-01,190.0
2017-09-06,199.65
2017-09-07,197.05
2017-09-08,195.85
2017-09-11,200.8
2017-09-12,197.85
2017-09-13,196.5
2017-09-14,192.8
2017-09-15,195.05
2017-09-18,195.15
2017-09-19,190.0
2017-09-21,187.0
2017-09-22,183.95
2017-09-26,184.2
2017-09-27,185.3
2017-09-28,183.8
2017-10-02,184.75
2017-10-03,186.0
2017-10-04,185.9
2017-10-06,181.0
2017-10-09,181.6
2017-10-11,183.55
2017-10-12,181.0
2017-10-13,180.3
2017-10-16,181.0
2017-10-17,181.1
2017-10-18,181.7
2017-10-20,182.5
2017-10-23,184.7
2017-10-24,184.0
2017-10-25,184.55
2017-10-26,182.55
2017-10-27,182.8
2017-10-30,184.35
2017-10-31,180.0
2017-11-01,165.0
2017-11-08,163.0
2017-11-09,164.5
2017-11-13,161.0
2017-11-14,157.0
2017-11-15,167.4
2017-11-17,164.55
2017-11-20,164.6
2017-11-22,163.95
2017-11-23,162.3
2017-11-24,160.15
2017-11-28,157.2
2017-11-29,158.6
2017-12-01,148.15
2017-12-04,144.6
2017-12-05,146.8
2017-12-07,144.35
2017-12-08,144.35
2017-12-12,140.1
2017-12-13,137.0
2017-12-14,142.0
2017-12-18,142.0
2017-12-19,141.35
2017-12-21,138.8
2017-12-22,138.8
2017-12-25,138.55
2017-12-27,138.5
2017-12-28,139.0
2018-01-03,140.4
2018-01-04,148.9
2018-01-05,149.9
2018-01-10,149.3
2018-01-11,148.3
2018-01-15,146.6
2018-01-16,140.75
2018-01-17,138.85
2018-01-19,138.7
2018-01-22,138.6
2018-01-24,138.05
2018-01-25,137.1
2018-01-26,134.5
2018-02-01,134.45
2018-02-02,133.5
2018-02-05,138.4
2018-02-07,136.45
2018-02-08,137.5
2018-02-09,138.85
2018-02-13,140.3
2018-02-14,137.7
2018-02-15,136.85
2018-02-19,137.35
2018-02-20,138.0
2018-02-22,140.8
2018-02-26,140.8
2018-02-27,139.1
2018-03-01,151.95
2018-03-02,152.0
2018-03-05,150.0
2018-03-07,152.0
2018-03-09,157.45
2018-03-12,158.85
2018-03-13,163.7
2018-03-19,159.35
2018-03-20,160.15
2018-03-21,159.75
2018-03-22,156.35
2018-03-23,158.35
2018-03-26,155.75
2018-03-28,154.0
2018-03-29,154.2
2018-03-30,155.15
2018-04-02,155.45
2018-04-03,156.25
2018-04-09,144.0
2018-04-10,144.8
2018-04-12,147.05
2018-04-13,144.85
2018-04-16,145.85
2018-04-18,153.55
2018-04-19,150.95
2018-04-20,148.7
2018-04-23,146.85
2018-04-24,146.6
2018-04-25,143.45
2018-04-28,144.85
2018-04-30,144.0
2018-05-02,147.3
2018-05-04,141.65
2018-05-07,141.9
2018-05-08,140.4
2018-05-10,142.5
2018-05-11,137.5
2018-05-14,136.15
2018-05-16,137.95
2018-05-17,137.95
2018-05-21,136.3
2018-05-22,135.0
2018-05-23,132.55
2018-05-25,132.2
2018-05-28,131.55
2018-05-29,131.85
2018-05-31,140.8
2018-06-01,139.65
2018-06-04,137.1
2018-06-05,139.25
2018-06-09,144.35
2018-06-11,142.7
2018-06-14,143.55
2018-06-15,140.5
2018-06-18,139.9
2018-06-20,141.0
2018-06-21,140.55
2018-06-22,140.55
2018-06-26,140.65
2018-06-27,141.15
2018-06-28,139.8
2018-06-29,140.35
2018-07-02,140.15
2018-07-03,143.95
2018-07-04,140.0
2018-07-09,128.3
2018-07-10,126.55
2018-07-11,124.3
2018-07-12,124.95
2018-07-13,123.35
2018-07-16,123.0
2018-07-17,124.5
2018-07-18,123.0
2018-07-19,121.45
2018-07-20,121.45
2018-07-24,122.55
2018-07-25,121.3
2018-07-26,122.7
2018-07-30,121.7
2018-08-02,116.0
2018-08-03,117.45
2018-08-06,114.3
2018-08-08,111.7
2018-08-09,109.7
2018-08-13,106.45
2018-08-15,107.4
2018-08-16,110.5
2018-08-17,109.0
2018-08-20,108.95
2018-08-21,109.3
2018-08-22,108.6
2018-08-24,104.45
2018-08-27,106.2
2018-08-28,106.55
2018-08-29,111.8
2018-08-31,115.5
2018-09-03,114.55
2018-09-04,112.25
2018-09-05,111.5
2018-09-07,108.55
2018-09-10,106.1
2018-09-11,105.1
2018-09-13,106.1
2018-09-14,105.95
2018-09-17,106.15
2018-09-18,109.15
2018-09-19,111.4
2018-09-20,110.85
2018-09-21,111.0
2018-09-24,108.95
2018-09-25,107.1
2018-09-26,106.7
2018-09-28,106.1
2018-10-01,106.2
2018-10-02,106.55
2018-10-03,107.1
2018-10-04,107.25
2018-10-05,104.65
2018-10-08,102.65
2018-10-09,102.45
2018-10-10,102.15
2018-10-11,100.9
2018-10-15,100.95
2018-10-17,98.0
2018-10-18,95.85
2018-10-19,95.5
2018-10-23,91.85
2018-10-24,92.9
2018-10-26,91.6
2018-10-29,93.9
2018-10-31,97.25
2018-11-01,96.88
2018-11-02,101.78
2018-11-07,100.6
2018-11-08,98.5
2018-11-09,95.14
2018-11-12,97.2
2018-11-13,97.56
2018-11-14,102.8
2018-11-15,103.0
2018-11-16,100.0
2018-11-19,99.5
2018-11-20,102.2
2018-11-21,108.8
2018-11-22,109.0
2018-11-23,113.74
2018-11-27,113.28
2018-11-28,112.52
2018-11-29,113.14
2018-12-03,111.4
2018-12-04,106.7
2018-12-05,107.58
2018-12-06,106.44
2018-12-10,102.98
2018-12-11,102.72
2018-12-12,101.8
2018-12-14,102.1
2018-12-18,102.0
2018-12-19,102.0
2018-12-20,102.02
2018-12-21,101.36
2018-12-25,100.26
2018-12-26,100.78
2018-12-27,100.5
2018-12-28,101.0
2018-12-29,100.58
2019-01-03,101.5
2019-01-08,101.1
2019-01-10,103.74
2019-01-11,104.66
2019-01-15,106.98
2019-01-16,108.3
2019-01-17,109.06
2019-01-21,104.5
2019-01-22,104.16
2019-01-23,105.4
2019-01-24,105.38
2019-01-25,105.52
2019-01-28,105.8
2019-01-29,106.1
2019-01-30,108.18
2019-01-31,107.92
2019-02-04,102.44
2019-02-05,101.74
2019-02-07,101.62
2019-02-08,101.4
2019-02-11,101.78
2019-02-13,100.96
2019-02-14,101.36
2019-02-15,101.62
2019-02-19,100.0
2019-02-20,100.04
2019-02-22,100.12
2019-02-25,100.0
2019-02-26,98.98
2019-02-28,96.18
2019-03-01,96.76
2019-03-04,98.36
2019-03-05,95.14
2019-03-06,98.12
2019-03-07,99.68
2019-03-12,100.5
2019-03-13,100.5
2019-03-14,99.66
2019-03-15,99.8
2019-03-18,99.92
2019-03-19,99.46
2019-03-21,98.1
2019-03-22,97.66
2019-03-25,97.0
2019-03-26,96.64
2019-03-27,96.1
2019-03-28,96.7
2019-04-01,97.46
2019-04-03,98.5
2019-04-04,98.36
2019-04-05,99.4
2019-04-08,98.58
2019-04-09,97.24
2019-04-11,98.48
2019-04-12,98.22
2019-04-15,98.72
2019-04-18,98.0
2019-04-22,97.06
2019-04-24,96.32
2019-04-25,96.34
2019-04-26,97.0
2019-04-29,96.98
2019-04-30,96.32
2019-05-02,96.86
2019-05-03,96.04
2019-05-06,94.94
2019-05-07,94.5
2019-05-08,94.24
2019-05-10,92.9
2019-05-13,91.8
2019-05-14,91.52
2019-05-16,91.68
2019-05-17,91.96
2019-05-20,91.82
2019-05-21,90.76
2019-05-22,91.0
2019-05-24,92.34
2019-05-27,91.2
2019-05-28,90.68
2019-05-29,90.42
2019-05-30,90.42
2019-05-31,93.8
2019-06-03,96.8
2019-06-04,96.48
2019-06-05,96.1
2019-06-06,96.02
2019-06-07,96.06
2019-06-10,95.4
2019-06-11,95.6
2019-06-13,98.2
2019-06-14,97.66
2019-06-17,100.38
2019-06-18,99.16
2019-06-19,99.26
2019-06-20,98.9
2019-06-21,99.84
2019-06-24,100.04
2019-06-25,101.14
2019-06-26,101.52
2019-06-27,102.32
2019-06-28,101.5
2019-07-01,101.46
2019-07-02,100.9
2019-07-04,110.2
2019-07-05,110.0
2019-07-08,108.5
2019-07-09,106.34
2019-07-10,108.62
2019-07-11,107.82
2019-07-15,108.22
2019-07-16,107.7
2019-07-17,108.2
2019-07-18,108.9
2019-07-19,108.02
2019-07-22,108.2
2019-07-24,106.78
2019-07-25,107.5
2019-07-26,107.58
2019-07-29,107.44
2019-07-30,106.72
2019-07-31,106.94
2019-08-02,106.7
2019-08-05,103.5
2019-08-06,104.7
2019-08-07,105.96
2019-08-08,108.88
2019-08-09,108.8
2019-08-13,112.64
2019-08-14,110.86
2019-08-15,112.3
2019-08-16,110.42
2019-08-19,109.4
2019-08-20,109.24
2019-08-23,108.56
2019-08-26,109.38
2019-08-27,109.98
2019-08-28,109.4
2019-08-29,109.0
2019-08-30,109.74
2019-09-03,106.52
2019-09-04,106.22
2019-09-05,105.86
2019-09-06,104.48
2019-09-09,106.38
2019-09-10,105.7
2019-09-11,106.5
2019-09-13,105.1
2019-09-16,103.0
2019-09-18,102.5
2019-09-19,101.9
2019-09-20,103.0
2019-09-23,102.36
2019-09-24,101.7
2019-09-26,102.4
2019-09-27,103.4
2019-09-30,103.18
2019-10-01,103.24
2019-10-02,102.6
2019-10-03,100.34
2019-10-07,99.28
2019-10-08,99.5
2019-10-09,100.02
2019-10-10,101.06
2019-10-11,100.18
2019-10-14,102.8
2019-10-16,104.12
2019-10-17,105.88
2019-10-18,104.8
2019-10-21,105.0
2019-10-22,103.5
2019-10-23,103.5
2019-10-25,102.52
2019-10-29,104.5
2019-10-30,105.8
2019-10-31,106.1
2019-11-01,105.26
2019-11-05,106.04
2019-11-07,105.02
2019-11-08,106.16
2019-11-11,104.58
2019-11-12,103.9
2019-11-13,104.0
2019-11-14,105.28
2019-11-19,106.1
2019-11-20,104.2
2019-11-21,104.0
2019-11-22,104.66
2019-11-25,105.5
2019-11-26,105.28
2019-11-28,104.56
2019-11-29,102.84
2019-12-02,102.24
2019-12-03,100.7
2019-12-04,101.2
2019-12-05,102.18
2019-12-09,103.24
2019-12-10,102.02
2019-12-11,103.94
2019-12-12,104.74
2019-12-13,104.98
2019-12-16,105.1
2019-12-18,103.0
2019-12-19,104.48
2019-12-20,103.7
2019-12-23,104.08
2019-12-24,103.08
2019-12-25,103.34
2019-12-27,103.16
2019-12-30,103.5
2020-01-03,103.34
2020-01-06,104.44
2020-01-08,102.88
2020-01-09,104.5
2020-01-13,104.68
2020-01-14,108.5
2020-01-15,110.7
2020-01-16,110.06
2020-01-17,110.74
2020-01-20,115.0
2020-01-22,114.4
2020-01-23,115.08
2020-01-24,114.82
2020-01-27,110.7
2020-01-28,114.78
2020-01-29,108.0
2020-01-30,107.8
2020-02-03,108.14
2020-02-04,111.94
2020-02-05,117.46
2020-02-06,118.66
2020-02-07,119.62
2020-02-10,118.3
2020-02-12,119.18
2020-02-13,119.5
2020-02-14,119.4
2020-02-17,119.36
2020-02-18,117.7
2020-02-19,117.4
2020-02-21,116.0
2020-02-25,109.8
2020-02-26,108.22
2020-02-27,101.0
2020-02-28,92.94
2020-03-02,93.18
2020-03-04,92.5
2020-03-05,90.0
2020-03-06,85.08
2020-03-10,80.2
2020-03-11,78.0
2020-03-12,71.08
2020-03-13,73.96
2020-03-17,65.34
2020-03-18,56.7
2020-03-19,58.62
2020-03-20,63.92
2020-03-23,62.7
2020-03-24,68.42
2020-03-26,74.7
2020-03-27,66.78
2020-03-30,65.48
2020-03-31,67.44
2020-04-01,68.0
2020-04-02,68.8
2020-04-07,75.82
2020-04-08,77.0
2020-04-10,78.8
2020-04-13,76.5
2020-04-14,75.9
2020-04-15,71.02
2020-04-16,75.42
2020-04-17,74.2
2020-04-20,73.28
2020-04-21,71.86
2020-04-22,75.12
2020-04-23,75.0
2020-04-27,76.2
2020-04-28,75.44
2020-04-29,76.5
2020-04-30,75.44
2020-05-04,74.4
2020-05-05,75.7
2020-05-07,79.72
2020-05-08,72.88
2020-05-12,72.32
2020-05-13,72.18
2020-05-14,72.16
2020-05-15,70.94
2020-05-19,73.44
2020-05-20,73.02
2020-05-21,72.68
2020-05-22,72.64
2020-05-25,73.6
2020-05-26,74.46
2020-05-28,78.82
2020-05-29,78.74
2020-06-01,81.88
2020-06-02,84.4
2020-06-03,85.4
2020-06-04,85.96
2020-06-05,89.8
2020-06-09,93.98
2020-06-10,89.28
2020-06-11,87.7
2020-06-15,85.5
2020-06-16,89.6
2020-06-17,85.0
2020-06-19,81.88
2020-06-22,82.1
2020-06-23,81.2
2020-06-25,80.58
2020-06-26,79.38
2020-06-29,84.98
2020-06-30,82.34
2020-07-02,81.62
2020-07-03,80.98
2020-07-06,81.24
2020-07-07,80.28
2020-07-08,80.72
2020-07-09,80.88
2020-07-10,81.56
2020-07-13,80.84
2020-07-14,81.66
2020-07-15,81.42
2020-07-16,82.3
2020-07-17,83.2
2020-07-20,84.44
2020-07-21,87.56
2020-07-22,86.08
2020-07-23,86.26
2020-07-24,88.36
2020-07-27,87.64
2020-07-28,83.74
2020-07-29,83.5
2020-07-30,81.68
2020-07-31,83.2
2020-08-03,83.86
2020-08-04,82.08
2020-08-05,81.96
2020-08-06,82.72
2020-08-07,81.64
2020-08-10,83.0
2020-08-11,83.22
2020-08-12,85.82
2020-08-13,86.26
2020-08-14,86.1
2020-08-17,85.16
2020-08-18,83.44
2020-08-19,83.5
2020-08-20,83.26
2020-08-21,82.0
2020-08-24,82.96
2020-08-25,83.0
2020-08-26,83.38
2020-08-27,82.86
2020-08-28,82.24
2020-08-31,80.66
2020-09-01,82.14
2020-09-02,81.4
2020-09-03,80.86
2020-09-04,81.8
2020-09-07,81.74
2020-09-08,81.26
2020-09-09,81.98
2020-09-10,81.66
2020-09-11,82.9
2020-09-14,81.96
2020-09-15,82.38
2020-09-16,82.66
2020-09-17,82.2
2020-09-18,81.78
2020-09-21,78.68
2020-09-22,77.8
2020-09-23,77.12
2020-09-24,76.26
2020-09-25,74.18
2020-09-28,75.78
2020-09-29,74.42
2020-09-30,74.12
2020-10-01,71.02
2020-10-02,69.0
2020-10-05,65.74
2020-10-06,67.56
2020-10-07,65.86
2020-10-08,62.6
2020-10-09,60.26
2020-10-12,59.66
2020-10-13,57.68
2020-10-14,59.06
2020-10-15,58.0
2020-10-16,58.2
2020-10-19,58.56
2020-10-20,58.4
2020-10-21,58.42
2020-10-22,59.6
2020-10-23,58.32
2020-10-26,58.44
2020-10-27,57.58
2020-10-28,55.08
2020-10-29,56.72
2020-10-30,59.92
2020-11-02,56.48
2020-11-03,58.0
2020-11-05,58.94
2020-11-06,59.66
2020-11-09,65.12
2020-11-10,68.9
2020-11-11,66.94
2020-11-12,64.96
2020-11-13,67.3
2020-11-16,69.44
2020-11-17,67.56
2020-11-18,68.08
2020-11-19,68.54
2020-11-20,68.98
2020-11-23,69.48
2020-11-24,72.96
2020-11-25,71.5
2020-11-26,71.24
2020-11-27,72.0
2020-11-30,71.66
2020-12-01,72.18
2020-12-02,72.5
2020-12-03,71.64
2020-12-04,74.14
2020-12-07,74.0
2020-12-08,72.7
2020-12-09,72.0
2020-12-10,70.96
2020-12-11,71.76
2020-12-14,71.08
2020-12-15,70.24
2020-12-16,71.46
2020-12-17,71.78
2020-12-18,71.4
2020-12-21,68.76
2020-12-22,68.74
2020-12-23,69.42
2020-12-24,69.0
2020-12-25,69.14
2020-12-28,69.62
2020-12-29,70.62
2020-12-30,71.44
2021-01-04,72.88
2021-01-05,72.74
2021-01-06,72.96
2021-01-08,73.58
2021-01-11,74.08
2021-01-12,74.18
2021-01-13,73.28
2021-01-14,73.16
2021-01-15,72.3
2021-01-18,72.78
2021-01-19,73.72
2021-01-20,73.94
2021-01-21,72.5
2021-01-22,71.84
2021-01-25,71.14
2021-01-26,70.76
2021-01-27,69.88
2021-01-28,70.94
2021-01-29,69.88
2021-02-01,70.34
2021-02-02,70.14
2021-02-03,70.68
2021-02-04,70.84
2021-02-05,70.82
2021-02-08,71.08
2021-02-09,70.34
2021-02-10,69.18
2021-02-11,69.0
2021-02-12,69.28
2021-02-15,69.62
2021-02-16,69.5
2021-02-17,69.18
2021-02-18,69.0
2021-02-19,69.02
2021-02-20,69.14
2021-02-22,69.2
2021-02-24,70.3
2021-02-25,69.44
2021-02-26,69.66
2021-03-01,70.0
2021-03-02,71.1
2021-03-03,70.6
2021-03-04,69.44
2021-03-05,69.28
2021-03-09,69.4
2021-03-10,69.86
2021-03-11,70.0
2021-03-12,69.86
2021-03-15,70.82
2021-03-16,70.5
2021-03-17,70.5
2021-03-18,69.18
2021-03-19,69.8
2021-03-22,69.26
2021-03-23,68.84
2021-03-24,65.9
2021-03-25,66.14
2021-03-26,68.0
2021-03-29,67.46
2021-03-30,66.84
2021-03-31,67.82
2021-04-01,68.96
2021-04-02,67.5
2021-04-05,67.32
2021-04-06,66.88
2021-04-07,67.02
2021-04-08,67.44
2021-04-09,66.28
2021-04-12,66.52
2021-04-13,65.76
2021-04-14,65.8
2021-04-15,69.98
2021-04-16,66.48
2021-04-19,65.48
2021-04-20,64.48
2021-04-21,63.6
2021-04-22,64.88
2021-04-23,65.3
2021-04-26,66.04
2021-04-27,65.54
2021-04-28,65.0
2021-04-29,64.9
2021-04-30,64.1
2021-05-04,65.18
2021-05-05,65.22
2021-05-06,65.4
2021-05-07,65.64
2021-05-10,66.88
2021-05-11,69.86
2021-05-12,65.9
2021-05-13,66.6
2021-05-14,67.32
2021-05-17,70.6
2021-05-18,69.88
2021-05-19,69.5
2021-05-20,70.08
2021-05-21,70.86
2021-05-24,71.68
2021-05-25,71.94
2021-05-26,70.72
2021-05-27,71.12
2021-05-28,69.94
2021-05-31,70.06
2021-06-01,71.06
2021-06-02,71.2
2021-06-03,72.08
2021-06-04,71.44
2021-06-07,71.34
2021-06-08,71.38
2021-06-09,73.72
2021-06-10,73.34
2021-06-11,73.58
2021-06-14,72.28
2021-06-15,71.06
2021-06-16,70.16
2021-06-17,69.9
2021-06-18,69.79
2021-06-21,71.1
2021-06-22,71.68
2021-06-23,70.58
2021-06-24,70.44
2021-06-25,71.1
2021-06-28,69.32
2021-06-29,68.06
2021-06-30,68.6
2021-07-01,68.54
2021-07-02,69.42
2021-07-05,69.34
2021-07-06,68.5
2021-07-07,68.34
2021-07-08,68.5
2021-07-09,68.34
2021-07-12,68.84
2021-07-13,68.28
2021-07-14,68.04
2021-07-15,67.76
2021-07-16,66.78
2021-07-19,65.9
2021-07-20,67.68
2021-07-21,67.8
2021-07-22,67.22
2021-07-23,66.94
2021-07-26,67.64
2021-07-27,66.1
2021-07-28,67.44
2021-07-29,67.24
2021-07-30,67.16
2021-08-02,66.78
2021-08-03,63.14
2021-08-04,66.78
2021-08-05,67.32
2021-08-06,66.86
2021-08-09,66.9
2021-08-10,67.1
2021-08-11,67.12
2021-08-12,67.0
2021-08-13,66.8
2021-08-16,66.92
2021-08-17,67.86
2021-08-18,68.36
2021-08-19,67.2
2021-08-20,67.14
2021-08-23,68.44
2021-08-24,68.28
2021-08-25,68.22
2021-08-26,71.68
2021-08-27,68.64
2021-08-30,69.28
2021-08-31,69.32
2021-09-01,69.96
2021-09-02,70.0
2021-09-03,69.4
2021-09-06,68.8
2021-09-07,68.16
2021-09-08,67.44
2021-09-09,67.0
2021-09-10,66.98
2021-09-13,67.38
2021-09-14,66.98
2021-09-15,67.02
2021-09-16,67.78
2021-09-17,66.8
2021-09-20,66.16
2021-09-21,67.12
2021-09-22,67.76
2021-09-23,67.1
2021-09-24,69.1
2021-09-27,70.4
2021-09-28,69.12
2021-09-29,69.9
2021-09-30,70.26
2021-10-01,70.1
2021-10-04,69.22
2021-10-05,69.86
2021-10-06,70.64
2021-10-07,71.06
2021-10-08,70.5
2021-10-11,70.36
2021-10-12,70.7
2021-10-13,70.22
2021-10-14,70.08
2021-10-15,69.98
2021-10-18,69.76
2021-10-19,69.26
2021-10-20,68.58
2021-10-21,67.64
2021-10-22,68.48
2021-10-25,67.84
2021-10-26,67.52
2021-10-27,68.94
2021-10-28,68.18
2021-10-29,68.48
2021-11-01,67.54
2021-11-02,67.64
2021-11-03,67.92
2021-11-05,68.42
2021-11-08,68.8
2021-11-09,68.22
2021-11-10,67.84
2021-11-11,67.08
2021-11-12,65.98
2021-11-15,67.68
2021-11-16,67.1
2021-11-17,66.72
2021-11-18,67.14
2021-11-19,66.04
2021-11-22,65.2
2021-11-23,64.72
2021-11-24,63.92
2021-11-25,64.7
2021-11-26,60.98
2021-11-29,61.1
2021-11-30,60.32
2021-12-01,62.0
2021-12-02,65.0
2021-12-03,62.26
2021-12-06,61.08
2021-12-07,62.4
2021-12-08,61.64
2021-12-09,61.06
2021-12-10,60.2
2021-12-13,60.02
2021-12-14,59.5
2021-12-15,59.36
2021-12-16,60.96
2021-12-17,60.22
2021-12-20,59.02
2021-12-21,59.68
2021-12-22,59.18
2021-12-23,59.98
2021-12-24,59.96
2021-12-27,59.08
2021-12-28,58.92
2021-12-29,58.98
2021-12-30,58.52
2022-01-03,61.38
2022-01-04,63.3
2022-01-05,60.98
2022-01-06,62.96
2022-01-10,63.02
2022-01-11,61.76
2022-01-12,62.44
2022-01-13,60.16
2022-01-14,59.86
2022-01-17,58.98
2022-01-18,56.0
2022-01-19,56.62
2022-01-20,57.2
2022-01-21,56.56
2022-01-24,52.22
2022-01-25,52.0
2022-01-26,52.64
2022-01-27,55.02
2022-01-28,55.54
2022-01-31,57.32
2022-02-01,57.12
2022-02-02,57.2
2022-02-03,55.7
2022-02-04,58.0
2022-02-07,56.18
2022-02-08,57.18
2022-02-09,59.2
2022-02-10,59.76
2022-02-11,56.02
2022-02-14,57.3
2022-02-15,59.42
2022-02-16,60.42
2022-02-17,58.08
2022-02-18,56.08
2022-02-21,46.6
2022-02-22,49.52
2022-02-24,35.7
2022-02-25,33.82
2022-03-24,30.7
2022-03-25,25.1
2022-03-28,25.86
2022-03-29,31.18
2022-03-30,37.54
2022-03-31,37.74
2022-04-01,38.8
2022-04-04,40.9
2022-04-05,38.22
2022-04-06,37.18
2022-04-07,37.58
2022-04-08,36.94
2022-04-11,35.46
2022-04-12,36.96
2022-04-13,33.86
2022-04-14,32.74
2022-04-15,32.96
2022-04-18,31.32
2022-04-19,30.2
2022-04-20,31.02
2022-04-21,31.12
2022-04-22,30.62
2022-04-25,29.02
2022-04-26,30.18
2022-04-27,32.4
2022-04-28,30.8
2022-04-29,31.14
2022-05-04,31.2
2022-05-05,30.7
2022-05-06,30.1
2022-05-11,30.74
2022-05-12,29.32
2022-05-13,29.26
2022-05-16,29.52
2022-05-17,30.36
2022-05-18,30.06
2022-05-19,29.8
2022-05-20,29.32
2022-05-23,28.4
2022-05-24,28.6
2022-05-25,28.5
2022-05-26,29.36
2022-05-27,28.54
2022-05-30,28.58
2022-05-31,28.0
2022-06-01,27.94
2022-06-02,26.98
2022-06-03,25.24
2022-06-06,25.92
2022-06-07,27.2
2022-06-08,27.14
2022-06-09,26.36
2022-06-10,26.98
2022-06-14,25.96
2022-06-15,25.94
2022-06-16,26.86
2022-06-17,26.8
2022-06-20,27.62
2022-06-21,26.88
2022-06-22,26.76
2022-06-23,26.92
2022-06-24,26.82
2022-06-27,27.9
2022-06-28,29.12
2022-06-29,27.8
2022-06-30,26.68
2022-07-01,26.74
2022-07-04,27.12
2022-07-05,27.88
2022-07-06,27.34
2022-07-07,27.78
2022-07-08,27.6
2022-07-11,27.7
2022-07-12,27.3
2022-07-13,26.68
2022-07-14,26.86
2022-07-15,27.06
2022-07-18,27.08
2022-07-19,26.68
2022-07-20,26.52
2022-07-21,27.58
2022-07-22,27.3
2022-07-25,27.82
2022-07-26,27.94
2022-07-27,27.76
2022-07-28,27.62
2022-07-29,27.7
2022-08-01,27.44
2022-08-02,26.92
2022-08-03,26.96
2022-08-04,26.62
2022-08-05,26.68
2022-08-08,26.84
2022-08-09,27.0
2022-08-10,27.06
2022-08-11,27.0
2022-08-12,27.14
2022-08-15,27.22
2022-08-16,27.08
2022-08-17,27.02
2022-08-18,27.0
2022-08-19,26.88
2022-08-22,28.76
2022-08-23,27.18
2022-08-24,27.4
2022-08-25,27.18
2022-08-26,28.24
2022-08-29,29.4
2022-08-30,30.82
2022-08-31,28.56
2022-09-01,28.84
2022-09-02,30.96
2022-09-05,30.64
2022-09-06,30.0
2022-09-07,30.92
2022-09-08,30.48
2022-09-09,30.6
2022-09-12,30.66
2022-09-13,29.88
2022-09-14,29.38
2022-09-15,29.38
2022-09-16,29.1
2022-09-19,28.96
2022-09-20,27.46
2022-09-21,26.22
2022-09-22,26.86
2022-09-23,25.34
2022-09-26,22.64
2022-09-27,23.38
2022-09-28,23.36
2022-09-29,22.7
2022-09-30,23.14
2022-10-03,24.02
2022-10-04,24.54
2022-10-05,23.6
2022-10-06,23.36
2022-10-07,22.44
2022-10-10,23.2
2022-10-11,24.74
2022-10-12,23.44
2022-10-13,23.54
2022-10-14,23.48
2022-10-17,24.22
2022-10-18,23.78
2022-10-19,26.92
2022-10-20,23.84
2022-10-21,24.42
2022-10-24,24.5
2022-10-25,25.16
2022-10-26,26.52
2022-10-27,25.56
2022-10-28,25.52
2022-10-31,25.36
2022-11-01,26.08
2022-11-02,25.74
2022-11-03,25.84
2022-11-07,26.24
2022-11-08,28.18
2022-11-09,24.96
2022-11-10,25.58
2022-11-11,25.62
2022-11-14,25.58
2022-11-15,24.32
2022-11-16,25.1
2022-11-17,25.06
2022-11-18,25.16
2022-11-21,25.0
2022-11-22,25.06
2022-11-23,25.24
2022-11-24,25.18
2022-11-25,24.98
2022-11-28,24.96
2022-11-29,25.0
2022-11-30,25.02
2022-12-01,24.82
2022-12-02,24.8
2022-12-05,24.92
2022-12-06,24.86
2022-12-07,24.92
2022-12-08,24.76
2022-12-09,24.7
2022-12-12,24.64
2022-12-13,24.6
2022-12-14,24.44
2022-12-15,24.08
2022-12-16,24.24
2022-12-19,23.94
2022-12-20,24.86
2022-12-21,24.06
2022-12-22,24.18
2022-12-23,24.22
2022-12-26,24.46
2022-12-27,24.94
2022-12-28,24.18
2022-12-29,24.56
2022-12-30,24.6
2023-01-03,24.64
2023-01-04,24.7
2023-01-05,25.6
2023-01-06,25.46
2023-01-09,26.08
2023-01-10,26.72
2023-01-11,27.68
2023-01-12,27.98
2023-01-13,28.4
2023-01-16,28.78
2023-01-17,27.44
2023-01-18,27.56
2023-01-19,27.48
2023-01-20,26.5
2023-01-23,27.8
2023-01-24,27.34
2023-01-25,27.42
2023-01-26,27.3
2023-01-27,27.7
2023-01-30,27.86
2023-01-31,28.98
2023-02-01,28.01
2023-02-02,28.24
2023-02-03,27.85
2023-02-06,28.27
2023-02-07,28.62
2023-02-08,29.43
2023-02-09,29.4
2023-02-10,28.82
2023-02-13,28.32
2023-02-14,27.77
2023-02-15,26.6
2023-02-16,27.43
2023-02-17,27.54
2023-02-20,27.4
2023-02-21,27.78
2023-02-22,27.97
2023-02-24,28.99
2023-02-27,28.32
2023-02-28,28.2
2023-03-01,28.35
2023-03-02,28.0
2023-03-03,27.73
2023-03-06,28.03
2023-03-07,28.45
2023-03-09,28.55
2023-03-10,28.27
2023-03-13,28.08
2023-03-14,28.25
2023-03-15,28.15
2023-03-16,28.26
2023-03-17,28.45
2023-03-20,29.66
2023-03-21,29.25
2023-03-22,28.94
2023-03-23,29.3
2023-03-24,29.61
2023-03-27,32.92
2023-03-28,32.36
2023-03-29,32.27
2023-03-30,32.74
2023-03-31,31.65
2023-04-03,33.61
2023-04-04,32.16
2023-04-05,32.27
2023-04-06,32.39
2023-04-07,32.79
2023-04-10,34.84
2023-04-11,34.08
2023-04-12,34.49
2023-04-13,34.3
2023-04-14,34.65
2023-04-17,36.26
2023-04-18,36.36
2023-04-19,37.45
2023-04-20,40.41
2023-04-21,38.97
2023-04-24,38.9
2023-04-25,38.02
2023-04-26,39.25
2023-04-27,41.39
2023-04-28,40.24
2023-05-02,39.59
2023-05-03,38.02
2023-05-04,37.65
2023-05-05,38.37
2023-05-08,36.15
2023-05-10,38.26
2023-05-11,37.6
2023-05-12,38.24
2023-05-15,39.17
2023-05-16,38.8
2023-05-17,38.97
2023-05-18,38.55
2023-05-19,38.88
2023-05-22,39.35
2023-05-23,39.09
2023-05-24,39.51
2023-05-25,39.98
2023-05-26,40.15
2023-05-29,39.0
2023-05-30,39.91
2023-05-31,40.06
2023-06-01,39.3
2023-06-02,40.0
2023-06-05,41.51
2023-06-06,39.2
2023-06-07,39.49
2023-06-08,39.48
2023-06-09,40.06
2023-06-13,40.67
2023-06-14,41.55
2023-06-15,43.25
2023-06-16,43.38
2023-06-19,43.26
2023-06-20,42.81
2023-06-21,42.97
2023-06-22,42.05
2023-06-23,40.71
2023-06-26,41.42
2023-06-27,42.3
2023-06-28,44.73
2023-06-29,43.01
2023-06-30,42.7
2023-07-03,42.2
2023-07-04,41.31
2023-07-05,41.89
2023-07-06,41.02
2023-07-07,41.48
2023-07-10,42.09
2023-07-11,41.85
2023-07-12,42.12
2023-07-13,42.39
2023-07-14,42.39
2023-07-17,41.35
2023-07-18,44.36
2023-07-19,43.79
2023-07-20,43.86
2023-07-21,44.2
2023-07-24,45.38
2023-07-25,44.93
2023-07-26,44.72
2023-07-27,44.89
2023-07-28,44.84
2023-07-31,47.08
2023-08-01,45.35
2023-08-02,45.26
2023-08-03,45.47
2023-08-04,45.29
2023-08-07,45.22
2023-08-08,46.6
2023-08-09,46.6
2023-08-10,45.47
2023-08-11,45.84
2023-08-14,45.09
2023-08-15,45.13
2023-08-16,44.03
2023-08-17,44.1
2023-08-18,44.91
2023-08-21,44.83
2023-08-22,44.94
2023-08-23,44.14
2023-08-24,44.47
2023-08-25,45.63
2023-08-28,44.78
2023-08-29,44.38
2023-08-30,44.12
2023-08-31,44.02
2023-09-01,44.01
2023-09-04,44.37
2023-09-05,44.04
2023-09-06,43.75
2023-09-07,42.54
2023-09-08,42.4
2023-09-11,42.24
2023-09-12,42.53
2023-09-13,41.87
2023-09-14,41.3
2023-09-15,41.63
2023-09-18,41.8
2023-09-19,40.25
2023-09-20,40.14
2023-09-21,40.23
2023-09-22,41.0
2023-09-25,40.58
2023-09-26,40.29
2023-09-27,41.72
2023-09-28,41.43
2023-09-29,41.5
2023-10-02,42.19
2023-10-03,40.98
2023-10-04,40.75
2023-10-05,40.45
2023-10-06,40.63
2023-10-09,41.07
2023-10-10,40.07
2023-10-11,40.36
2023-10-12,40.4
2023-10-13,40.45
2023-10-16,41.34
2023-10-17,41.13
2023-10-18,41.27
2023-10-19,40.88
2023-10-20,40.93
2023-10-23,40.94
2023-10-24,40.79
2023-10-25,41.07
2023-10-26,39.98
2023-10-27,40.26
2023-10-30,39.89
2023-10-31,39.35
2023-11-01,39.25
2023-11-02,40.03
2023-11-03,38.97
2023-11-06,39.64
2023-11-07,40.1
2023-11-08,39.93
2023-11-09,39.27
2023-11-10,39.19
2023-11-13,38.8
2023-11-14,38.38
2023-11-15,38.68
2023-11-16,38.78
2023-11-17,38.54
2023-11-20,38.57
2023-11-21,39.11
2023-11-22,39.01
2023-11-23,38.67
2023-11-24,38.02
2023-11-27,37.82
2023-11-28,37.15
2023-11-29,36.72
2023-11-30,36.27
2023-12-01,37.39
2023-12-04,35.8
2023-12-05,36.06
2023-12-06,35.24
2023-12-07,34.94
2023-12-08,35.77
2023-12-11,36.92
2023-12-12,35.29
2023-12-13,35.68
2023-12-14,35.34
2023-12-15,36.28
2023-12-18,37.3
2023-12-19,36.53
2023-12-20,36.94
2023-12-21,35.93
2023-12-22,35.97
2023-12-25,35.56
2023-12-26,35.52
2023-12-27,35.11
2023-12-28,34.87
2023-12-29,35.05
2024-01-03,35.75
2024-01-04,32.0
2024-01-05,36.85
2024-01-08,37.5
2024-01-09,37.69
2024-01-10,37.45
2024-01-11,37.65
2024-01-12,38.38
2024-01-15,38.2
2024-01-16,37.97
2024-01-17,38.32
2024-01-18,37.79
2024-01-19,38.02
2024-01-22,38.58
2024-01-23,37.94
2024-01-24,37.66
2024-01-25,37.36
2024-01-26,37.17
2024-01-29,38.18
2024-01-30,39.38
2024-01-31,38.83
2024-02-01,38.92
2024-02-02,39.81
2024-02-05,39.03
2024-02-06,40.28
2024-02-07,39.67
2024-02-08,39.22
2024-02-09,39.05
2024-02-12,39.89
2024-02-13,39.6
2024-02-14,39.19
2024-02-15,39.24
2024-02-16,38.84
2024-02-19,38.89
2024-02-20,37.74
2024-02-21,37.31
2024-02-22,37.31
2024-02-26,38.07
2024-02-27,37.72
2024-02-28,37.61
2024-02-29,38.54
2024-03-01,38.96
2024-03-04,39.78
2024-03-05,39.78
2024-03-06,39.66
2024-03-07,39.54
2024-03-11,40.16
2024-03-12,40.08
2024-03-13,41.08
2024-03-14,40.22
2024-03-15,40.52
2024-03-18,41.47
2024-03-19,40.18
2024-03-20,40.7
2024-03-21,40.98
2024-03-22,39.73
2024-03-25,40.43
2024-03-26,40.0
2024-03-27,41.81
2024-03-28,42.93
2024-03-29,45.48
2024-04-01,48.63
2024-04-02,48.34
2024-04-03,50.0
2024-04-04,48.43
2024-04-05,49.36
2024-04-08,50.03
2024-04-09,49.05
2024-04-10,51.01
2024-04-11,50.92
2024-04-12,50.47
2024-04-15,49.89
2024-04-16,49.57
2024-04-17,49.16
2024-04-18,48.65
2024-04-19,49.61
2024-04-22,50.28
2024-04-23,49.62
2024-04-24,49.73
2024-04-25,50.09
2024-04-26,51.35
2024-04-27,51.46
2024-04-29,51.96
2024-04-30,51.59
2024-05-02,50.66
2024-05-03,50.34
2024-05-06,49.68
2024-05-07,49.57
2024-05-08,50.23
2024-05-10,50.85
2024-05-13,51.53
2024-05-14,54.19
2024-05-15,56.75
2024-05-16,55.92
2024-05-17,58.0
2024-05-20,58.17
2024-05-21,56.12
2024-05-22,58.01
2024-05-23,57.71
2024-05-24,58.13
2024-05-27,55.08
2024-05-28,55.99
2024-05-29,56.4
2024-05-30,56.22
2024-05-31,55.23
2024-06-03,53.68
2024-06-04,57.0
2024-06-05,56.51
2024-06-06,56.39
2024-06-07,58.51
2024-06-10,57.8
2024-06-11,58.94
2024-06-13,62.4
2024-06-14,62.82
2024-06-17,61.96
2024-06-18,61.6
2024-06-19,62.03
2024-06-20,65.0
2024-06-21,64.06
2024-06-24,63.32
2024-06-25,62.45
2024-06-26,64.2
2024-06-27,63.07
2024-06-28,62.72
2024-07-01,60.42
2024-07-02,61.21
2024-07-03,60.91
2024-07-04,59.04
2024-07-05,58.45
2024-07-08,56.45
2024-07-09,53.49
2024-07-10,52.33
2024-07-11,56.73
2024-07-12,55.4
2024-07-15,54.18
2024-07-16,55.11
2024-07-17,55.0
2024-07-18,56.28
2024-07-19,56.29
2024-07-22,58.17
2024-07-23,57.12
2024-07-24,57.43
2024-07-25,57.82
2024-07-26,55.47
2024-07-29,51.99
2024-07-30,53.98
2024-07-31,55.0
2024-08-01,53.88
2024-08-02,53.78
2024-08-05,52.38
2024-08-06,52.05
2024-08-07,53.79
2024-08-08,50.5
2024-08-09,51.09
2024-08-12,51.14
2024-08-13,51.72
2024-08-14,50.39
2024-08-15,49.04
2024-08-16,47.88
2024-08-19,49.4
2024-08-20,49.14
2024-08-21,48.04
2024-08-22,46.65
2024-08-23,45.37
2024-08-26,48.68
2024-08-27,48.38
2024-08-28,50.42
2024-08-29,49.49
2024-08-30,47.12
2024-09-02,45.37
2024-09-03,46.05
2024-09-04,48.41
2024-09-05,47.71
2024-09-06,48.42
2024-09-09,49.24
2024-09-10,48.84
2024-09-11,47.82
2024-09-12,47.65
2024-09-13,48.01
2024-09-16,49.25
2024-09-17,51.78
2024-09-18,51.27
2024-09-19,52.19
2024-09-20,52.83
2024-09-23,55.0
2024-09-24,53.88
2024-09-25,53.84
2024-09-26,53.22
2024-09-27,54.57
2024-09-30,54.05
2024-10-01,54.03
2024-10-02,52.62
2024-10-03,52.77
2024-10-04,53.18
2024-10-07,53.35
2024-10-08,53.32
2024-10-09,53.95
2024-10-10,53.79
2024-10-11,54.88
2024-10-14,56.43
2024-10-15,57.55
2024-10-16,56.88
2024-10-17,56.25
2024-10-18,57.6
2024-10-21,57.56
2024-10-22,56.96
2024-10-23,56.48
2024-10-24,57.07
2024-10-25,55.8
2024-10-28,54.02
2024-10-29,56.11
2024-10-30,53.42
2024-10-31,54.22
2024-11-01,54.97
2024-11-02,55.21
2024-11-05,55.33
2024-11-06,56.93
2024-11-07,59.02
2024-11-08,60.73
2024-11-11,61.62
2024-11-12,61.0
2024-11-13,61.16
2024-11-14,61.53
2024-11-15,63.86
2024-11-18,62.08
2024-11-19,59.95
2024-11-20,58.03
2024-11-21,59.7
2024-11-22,58.82
2024-11-25,57.55
2024-11-26,56.6
2024-11-27,56.0
2024-11-28,54.88
2024-11-29,52.15
2024-12-02,50.51
2024-12-03,48.52
2024-12-04,48.21
2024-12-05,50.15
2024-12-06,50.86
2024-12-09,51.18
2024-12-10,49.8
2024-12-11,50.56
2024-12-12,48.88
2024-12-13,48.28
2024-12-16,47.7
2024-12-17,47.67
2024-12-18,49.3
2024-12-19,50.26
2024-12-20,54.95
2024-12-23,56.09
2024-12-24,53.62
2024-12-25,54.86
2024-12-26,55.04
2024-12-27,55.65
2024-12-28,58.38
2024-12-30,59.4
2025-01-03,58.13
2025-01-06,58.99
2025-01-08,59.65
2025-01-09,58.43
2025-01-10,60.99
2025-01-13,60.5
2025-01-14,61.56
2025-01-15,62.25
2025-01-16,61.36
2025-01-17,61.8
2025-01-20,61.45
2025-01-21,61.5
2025-01-22,60.37
2025-01-23,60.89
2025-01-24,61.86
2025-01-27,60.15
2025-01-28,61.11
2025-01-29,62.19
2025-01-30,64.43
2025-01-31,63.86
2025-02-03,63.96
2025-02-04,62.66
2025-02-05,64.73
2025-02-06,64.35
2025-02-07,64.25
2025-02-10,64.81
2025-02-11,64.67
2025-02-12,69.39
2025-02-13,67.97
2025-02-14,68.94
2025-02-17,74.51
2025-02-18,71.89
2025-02-19,75.03
2025-02-20,77.07
2025-02-21,76.22
2025-02-24,76.95
2025-02-25,77.22
2025-02-26,74.69
2025-02-27,71.51
2025-02-28,73.59
2025-03-03,73.98
2025-03-04,76.35
2025-03-05,74.2
2025-03-06,73.82
2025-03-07,75.1
2025-03-10,74.71
2025-03-11,74.26
2025-03-12,73.2
2025-03-13,73.87
2025-03-14,74.56
2025-03-17,76.35
2025-03-18,75.44
2025-03-19,76.05
2025-03-20,75.8
2025-03-21,75.48
2025-03-24,74.36
2025-03-25,74.6
2025-03-26,73.25
2025-03-27,71.0
2025-03-28,67.21
2025-03-31,69.63
2025-04-01,66.02
2025-04-02,67.43
2025-04-03,70.36
2025-04-04,66.46
2025-04-07,64.07
2025-04-08,62.33
2025-04-09,67.76
2025-04-10,66.84
2025-04-11,69.6
2025-04-14,68.69
2025-04-15,69.35
2025-04-16,69.35
2025-04-17,71.15
2025-04-18,70.18
2025-04-21,72.45
2025-04-22,73.49
2025-04-23,72.73
2025-04-24,72.17
2025-04-25,74.54
2025-04-28,73.5
2025-04-29,70.79
2025-04-30,71.12
2025-05-02,67.22
2025-05-05,68.04
2025-05-06,68.86
2025-05-07,69.83
2025-05-08,69.95
2025-05-12,72.1
2025-05-13,71.29
2025-05-14,68.56
2025-05-15,70.13
2025-05-16,69.16
2025-05-19,69.8
2025-05-20,68.82
2025-05-21,68.01
2025-05-22,67.25
2025-05-23,67.09
2025-05-26,64.31
2025-05-27,65.25
2025-05-28,67.56
2025-05-29,66.26
2025-05-30,68.53
2025-06-02,66.59
2025-06-03,67.24
2025-06-04,65.87
2025-06-05,66.23
2025-06-06,64.55
2025-06-09,65.22
2025-06-10,66.14
2025-06-11,65.86
2025-06-13,64.61
2025-06-16,63.41
2025-06-17,63.85
2025-06-18,64.93
2025-06-19,64.13
2025-06-20,63.88
2025-06-23,62.59
2025-06-24,65.18
2025-06-25,65.21
2025-06-26,65.07
2025-06-27,66.21
2025-06-30,66.33
2025-07-01,65.51
2025-07-02,65.93
2025-07-03,65.09
2025-07-04,64.44
2025-07-07,63.12
2025-07-08,62.56
2025-07-09,62.03
2025-07-10,62.3
2025-07-11,59.17
2025-07-14,61.24
2025-07-15,60.42
2025-07-16,60.34
2025-07-17,61.93
2025-07-18,60.13
2025-07-21,59.4
2025-07-22,58.71
2025-07-23,59.25
2025-07-24,59.03
2025-07-25,58.58
2025-07-28,56.53
2025-07-29,57.07
2025-07-30,56.88
2025-07-31,56.98
2025-08-01,56.98
2025-08-04,57.18
2025-08-05,57.13
2025-08-06,58.91
2025-08-07,61.27
2025-08-08,63.87
2025-08-11,65.49
2025-08-12,67.85
2025-08-13,68.14
2025-08-14,68.28
2025-08-15,69.27
2025-08-18,68.8
2025-08-19,67.33
2025-08-20,65.86
2025-08-21,63.32
2025-08-22,63.45
2025-08-25,61.89
2025-08-26,62.83
2025-08-27,63.5
2025-08-28,62.36
2025-08-29,62.21
2025-09-01,61.26
2025-09-02,60.38
2025-09-03,61.67
2025-09-04,62.21
2025-09-05,62.11
2025-09-08,63.08
2025-09-09,62.89
2025-09-10,61.79
2025-09-11,62.41
2025-09-12,60.07
2025-09-15,60.01
2025-09-16,60.13
2025-09-17,61.0
2025-09-18,59.54
2025-09-19,58.3
2025-09-22,58.65
2025-09-23,56.26
2025-09-24,56.83
2025-09-25,55.84
2025-09-26,55.86
2025-09-29,54.68
2025-09-30,54.34
2025-10-01,53.24
2025-10-02,52.29
2025-10-03,51.05
2025-10-06,52.29
2025-10-07,53.27
2025-10-08,50.75
2025-10-09,52.39
2025-10-10,51.19
2025-10-13,52.03
2025-10-14,50.97
2025-10-15,50.15
2025-10-16,56.54
2025-10-17,56.82
2025-10-20,57.66
2025-10-21,55.12
2025-10-22,53.38
2025-10-23,52.29
2025-10-24,51.52
2025-10-27,50.1
2025-10-28,51.03
2025-10-29,51.22
2025-10-30,51.2
2025-10-31,50.45
2025-11-01,50.44
2025-11-03,50.83
2025-11-05,50.41
2025-11-06,50.36
2025-11-07,51.8
2025-11-10,51.29
2025-11-11,51.6
2025-11-12,50.92
2025-11-13,50.81
2025-11-14,50.61
2025-11-17,50.1
2025-11-18,51.83
2025-11-19,52.47
2025-11-20,55.36
2025-11-21,54.71
